"Resource"	"Name"	"ATC"	"URI"	"Merknamen"
"http://nl.dbpedia.org/resource/Cisplatine"	"Cisplatine"	"L01XA01"	"http://purl.bioontology.org/ontology/UATC/L01XA01"	"Cisplatine mayne , Platinol , Platistine , Platosin"
"http://nl.dbpedia.org/resource/Tenofovir_disoproxil"	"Tenofovir disoproxil"	"J05AF07"	"http://purl.bioontology.org/ontology/UATC/J05AF07"	"Reviro"
"http://nl.dbpedia.org/resource/Tenofovir_disoproxil"	"Tenofovir disoproxil"	"J05AF07"	"http://purl.bioontology.org/ontology/UATC/J05AF07"	"Viread"
"http://nl.dbpedia.org/resource/Foscarnet"	"Foscarnet"	"J05AD01"	"http://purl.bioontology.org/ontology/UATC/J05AD01"	"Foscavir"
"http://nl.dbpedia.org/resource/Idursulfase"	"Idursulfase"	"A16AB09"	"http://purl.bioontology.org/ontology/UATC/A16AB09"	"Elaprase"
"http://nl.dbpedia.org/resource/Lansoprazol"	"Lansoprazol"	"A02BC03"	"http://purl.bioontology.org/ontology/UATC/A02BC03"	"onder meer Prezal ; Prevacid; Lansoprazole; Lanzatol"
"http://nl.dbpedia.org/resource/Rivaroxaban"	"Rivaroxaban"	"B01AF01"	"http://purl.bioontology.org/ontology/UATC/B01AF01"	"Xarelto"
"http://nl.dbpedia.org/resource/Vinflunine"	"Vinflunine"	"L01CA05"	"http://purl.bioontology.org/ontology/UATC/L01CA05"	"Javlor"
"http://nl.dbpedia.org/resource/Fondaparinux"	"Fondaparinux"	"B01AX05B01AX05"	"http://purl.bioontology.org/ontology/UATC/B01AX05B01AX05"	"Arixtra"
"http://nl.dbpedia.org/resource/Oseltamivir"	"Oseltamivir"	"J05AH02"	"http://purl.bioontology.org/ontology/UATC/J05AH02"	"Tamiflu"
"http://nl.dbpedia.org/resource/Cefuroxim"	"Cefuroxim"	"J01DC02"	"http://purl.bioontology.org/ontology/UATC/J01DC02"	"Zinnat, Aprokam en andere"
"http://nl.dbpedia.org/resource/Cortisol"	"Cortisol"	"H02AB09"	"http://purl.bioontology.org/ontology/UATC/H02AB09"	"Hydrocortisone , Solu-Cortef"
"http://nl.dbpedia.org/resource/Cortisol"	"Cortisol"	"H02AB09"	"http://purl.bioontology.org/ontology/UATC/H02AB09"	"Terra-Cortril , Daktacort"
"http://nl.dbpedia.org/resource/Cortisol"	"Cortisol"	"H02AB09"	"http://purl.bioontology.org/ontology/UATC/H02AB09"	"Azacortine , Cremicort-H , Onctose met Hydrocortison"
"http://nl.dbpedia.org/resource/Entacapone"	"Entacapone"	"N04BX02"	"http://purl.bioontology.org/ontology/UATC/N04BX02"	"Comtan; generisch"
"http://nl.dbpedia.org/resource/Etoposide"	"Etoposide"	"L01CB01"	"http://purl.bioontology.org/ontology/UATC/L01CB01"	"Vepesid ; Eposin; Toposin; generiek"
"http://nl.dbpedia.org/resource/Fluspirileen"	"Fluspirileen"	"N05AG01"	"http://purl.bioontology.org/ontology/UATC/N05AG01"	"Imap"
"http://nl.dbpedia.org/resource/Iloprost"	"Iloprost"	"B01AC11"	"http://purl.bioontology.org/ontology/UATC/B01AC11"	"Ventavis , Ilomedine"
"http://nl.dbpedia.org/resource/Tafluprost"	"Tafluprost"	"S01EE05"	"http://purl.bioontology.org/ontology/UATC/S01EE05"	"Saflutan"
"http://nl.dbpedia.org/resource/Azathioprine"	"Azathioprine"	"L04AX01"	"http://purl.bioontology.org/ontology/UATC/L04AX01"	"Azathioprine Sandoz, Imuran, Merck-Azathioprine"
"http://nl.dbpedia.org/resource/Oestradiol"	"Oestradiol"	"G03CA03"	"http://purl.bioontology.org/ontology/UATC/G03CA03"	"Estrofem, Zumenon, Climara, Dermestril, Estraderm, Estreva, Meno-Implant, Oestrogel, Systen, Vivelle Dot, Activelle, Angeliq, Estalis, Estracombi, Femoston, Kliogest, Novofem, Trisequens, Vagifem"
"http://nl.dbpedia.org/resource/Pancuronium"	"Pancuronium"	"M03AC01"	"http://purl.bioontology.org/ontology/UATC/M03AC01"	"Pavulon"
"http://nl.dbpedia.org/resource/Paroxetine"	"Paroxetine"	"N06AB05"	"http://purl.bioontology.org/ontology/UATC/N06AB05"	"Aropax"
"http://nl.dbpedia.org/resource/Paroxetine"	"Paroxetine"	"N06AB05"	"http://purl.bioontology.org/ontology/UATC/N06AB05"	"Paroxetine"
"http://nl.dbpedia.org/resource/Paroxetine"	"Paroxetine"	"N06AB05"	"http://purl.bioontology.org/ontology/UATC/N06AB05"	"Seroxat"
"http://nl.dbpedia.org/resource/Promethazine"	"Promethazine"	"D04AA10"	"http://purl.bioontology.org/ontology/UATC/D04AA10"	"Phenergan"
"http://nl.dbpedia.org/resource/Pyrimethamine"	"Pyrimethamine"	"P01BD01"	"http://purl.bioontology.org/ontology/UATC/P01BD01"	"Daraprim"
"http://nl.dbpedia.org/resource/Tramazoline"	"Tramazoline"	"R01AA09"	"http://purl.bioontology.org/ontology/UATC/R01AA09"	"Rhinospray , combinatiepreparaat Dexa Rhinospray"
"http://nl.dbpedia.org/resource/Adapaleen"	"Adapaleen"	"D10AD03"	"http://purl.bioontology.org/ontology/UATC/D10AD03"	"Adaferin, Differin"
"http://nl.dbpedia.org/resource/Meloxicam"	"Meloxicam"	"M01AC06"	"http://purl.bioontology.org/ontology/UATC/M01AC06"	"Mobic; Movicox; Movalis; Metacam ; Rheumocam, Meloxidyl ; Meloxicam"
"http://nl.dbpedia.org/resource/Sulconazol"	"Sulconazol"	"D01AC09"	"http://purl.bioontology.org/ontology/UATC/D01AC09"	"Myk"
"http://nl.dbpedia.org/resource/Terbinafine"	"Terbinafine"	"D01AE15"	"http://purl.bioontology.org/ontology/UATC/D01AE15"	"Lamisil®, generieken"
"http://nl.dbpedia.org/resource/Topotecan"	"Topotecan"	"L01XX17"	"http://purl.bioontology.org/ontology/UATC/L01XX17"	"Hycamtin"
"http://nl.dbpedia.org/resource/Vincristine"	"Vincristine"	"L01CA02"	"http://purl.bioontology.org/ontology/UATC/L01CA02"	"Oncovin en andere"
"http://nl.dbpedia.org/resource/Etilefrine"	"Etilefrine"	"1.0CA01"	"http://purl.bioontology.org/ontology/UATC/1.0CA01"	"Effortil"
"http://nl.dbpedia.org/resource/Exenatide"	"Exenatide"	"A10BX04"	"http://purl.bioontology.org/ontology/UATC/A10BX04"	"Byetta™"
"http://nl.dbpedia.org/resource/Heparine"	"Heparine"	"B01AB01"	"http://purl.bioontology.org/ontology/UATC/B01AB01"	"Calparine , Heparine Leo"
"http://nl.dbpedia.org/resource/Lidocaïne"	"Lidocaïne"	"5.0AD01"	"http://purl.bioontology.org/ontology/UATC/5.0AD01"	"Xylocaine, Xylocard, Xylocaine visqueuse, en combinatiepreparaten zoals emla"
"http://nl.dbpedia.org/resource/Tetracycline"	"Tetracycline"	"A01AB13"	"http://purl.bioontology.org/ontology/UATC/A01AB13"	"Tetralysal 300, Panmycin, Brodspec, Tetracap''"
"http://nl.dbpedia.org/resource/Carteolol"	"Carteolol"	"7.0AA15"	"http://purl.bioontology.org/ontology/UATC/7.0AA15"	"Arteoptic ; Carteabak ; Teoptic"
"http://nl.dbpedia.org/resource/Clobutinol"	"Clobutinol"	"R05DB03"	"http://purl.bioontology.org/ontology/UATC/R05DB03"	"Silomat, Rofatuss, Tussed, Hustenstiller-ratiopharm, Mixtus, Clobutinol"
"http://nl.dbpedia.org/resource/Clomifeen"	"Clomifeen"	"G03GB02"	"http://purl.bioontology.org/ontology/UATC/G03GB02"	"Clomid , Pergotime"
"http://nl.dbpedia.org/resource/Gadoxetaat"	"Gadoxetaat"	"V08CA10"	"http://purl.bioontology.org/ontology/UATC/V08CA10"	"Primovist; Eovist"
"http://nl.dbpedia.org/resource/Levetiracetam"	"Levetiracetam"	"N03AX14"	"http://purl.bioontology.org/ontology/UATC/N03AX14"	"Keppra"
"http://nl.dbpedia.org/resource/Loperamide"	"Loperamide"	"A07DA03"	"http://purl.bioontology.org/ontology/UATC/A07DA03"	"Imodium , Loperamide"
"http://nl.dbpedia.org/resource/Mifepriston"	"Mifepriston"	"G03XB01"	"http://purl.bioontology.org/ontology/UATC/G03XB01"	"Mifegyne"
"http://nl.dbpedia.org/resource/Mirtazapine"	"Mirtazapine"	"N06AX11"	"http://purl.bioontology.org/ontology/UATC/N06AX11"	"; generiek"
"http://nl.dbpedia.org/resource/Mirtazapine"	"Mirtazapine"	"N06AX11"	"http://purl.bioontology.org/ontology/UATC/N06AX11"	"Remergon"
"http://nl.dbpedia.org/resource/Mirtazapine"	"Mirtazapine"	"N06AX11"	"http://purl.bioontology.org/ontology/UATC/N06AX11"	"Remeron"
"http://nl.dbpedia.org/resource/Orlistat"	"Orlistat"	"A08AB01"	"http://purl.bioontology.org/ontology/UATC/A08AB01"	"Xenical ; alli"
"http://nl.dbpedia.org/resource/Tretinoïne"	"Tretinoïne"	"D10AD01"	"http://purl.bioontology.org/ontology/UATC/D10AD01"	"Aberela, Acid A Vit, Airol, Atralin, Avita, Renova, Retin-A, Stieva-A en Vesanoid."
"http://nl.dbpedia.org/resource/Ertapenem"	"Ertapenem"	"J01DH03"	"http://purl.bioontology.org/ontology/UATC/J01DH03"	"Invanz"
"http://nl.dbpedia.org/resource/Butylscopolamine"	"Butylscopolamine"	"A03BB01"	"http://purl.bioontology.org/ontology/UATC/A03BB01"	"Buscopan"
"http://nl.dbpedia.org/resource/Dolasetron"	"Dolasetron"	"A04AA04"	"http://purl.bioontology.org/ontology/UATC/A04AA04"	"Anzemet"
"http://nl.dbpedia.org/resource/Tiludroninezuur"	"Tiludroninezuur"	"M05BA05"	"http://purl.bioontology.org/ontology/UATC/M05BA05"	"Skelid"
"http://nl.dbpedia.org/resource/Vardenafil"	"Vardenafil"	"G04BE09"	"http://purl.bioontology.org/ontology/UATC/G04BE09"	"Levitra"
"http://nl.dbpedia.org/resource/Zoledronaat"	"Zoledronaat"	"M05BA08"	"http://purl.bioontology.org/ontology/UATC/M05BA08"	"Zometa, Aclasta"
"http://nl.dbpedia.org/resource/Carbasalaatcalcium"	"Carbasalaatcalcium"	"B01AC08"	"http://purl.bioontology.org/ontology/UATC/B01AC08"	"Ascal"
"http://nl.dbpedia.org/resource/Chloormethine"	"Chloormethine"	"L01AA05"	"http://purl.bioontology.org/ontology/UATC/L01AA05"	"Mustargen"
"http://nl.dbpedia.org/resource/Dabigatran"	"Dabigatran"	"B01AE07"	"http://purl.bioontology.org/ontology/UATC/B01AE07"	"Pradaxa , Pradax"
"http://nl.dbpedia.org/resource/Etomidaat"	"Etomidaat"	"N01AX07"	"http://purl.bioontology.org/ontology/UATC/N01AX07"	"Hypnomidate, Etomidate Lipuro"
"http://nl.dbpedia.org/resource/Guaifenesine"	"Guaifenesine"	"R05CA03"	"http://purl.bioontology.org/ontology/UATC/R05CA03"	"onder meer Vicks Vaposyrup Expectorant; Robitussin; Fagusan; Tixylix Chesty Cough"
"http://nl.dbpedia.org/resource/Penfluridol"	"Penfluridol"	"N05AG03"	"http://purl.bioontology.org/ontology/UATC/N05AG03"	"Semap; Acemap"
"http://nl.dbpedia.org/resource/Scopolamine"	"Scopolamine"	"A04AD01"	"http://purl.bioontology.org/ontology/UATC/A04AD01"	"Scopoderm"
"http://nl.dbpedia.org/resource/Trazodon"	"Trazodon"	"N06AX05"	"http://purl.bioontology.org/ontology/UATC/N06AX05"	"Beneficat, Sideril, Tombran, Trazalon, Trazodil, Trazodon, Trazolan en andere"
"http://nl.dbpedia.org/resource/Nitrazepam"	"Nitrazepam"	"N05CD02"	"http://purl.bioontology.org/ontology/UATC/N05CD02"	"Mogadon"
"http://nl.dbpedia.org/resource/Pemetrexed"	"Pemetrexed"	"L01BA04"	"http://purl.bioontology.org/ontology/UATC/L01BA04"	"Alimta"
"http://nl.dbpedia.org/resource/Sulpiride"	"Sulpiride"	"N05AL01"	"http://purl.bioontology.org/ontology/UATC/N05AL01"	"Dogmatil, generieken"
"http://nl.dbpedia.org/resource/Alprazolam"	"Alprazolam"	"N05BA12"	"http://purl.bioontology.org/ontology/UATC/N05BA12"	"Xanax"
"http://nl.dbpedia.org/resource/Atropine"	"Atropine"	"A03BA01"	"http://purl.bioontology.org/ontology/UATC/A03BA01"	"Atropine, Atropine Minims, Isopto-Atropine, Stellatropine"
"http://nl.dbpedia.org/resource/Bazedoxifen"	"Bazedoxifen"	"G03XC02"	"http://purl.bioontology.org/ontology/UATC/G03XC02"	"Conbriza"
"http://nl.dbpedia.org/resource/Alglucosidase_alfa"	"Alglucosidase alfa"	"A16AB07"	"http://purl.bioontology.org/ontology/UATC/A16AB07"	"Myozyme"
"http://nl.dbpedia.org/resource/Tigecycline"	"Tigecycline"	"J01AA12"	"http://purl.bioontology.org/ontology/UATC/J01AA12"	"Tygacil"
"http://nl.dbpedia.org/resource/Triclabendazool"	"Triclabendazool"	"P02BX04"	"http://purl.bioontology.org/ontology/UATC/P02BX04"	"Egaten"
"http://nl.dbpedia.org/resource/Clorazepinezuur"	"Clorazepinezuur"	"N05BA05"	"http://purl.bioontology.org/ontology/UATC/N05BA05"	"Tranxène, Tranxilium"
"http://nl.dbpedia.org/resource/Ibuprofen"	"Ibuprofen"	"M01AE01"	"http://purl.bioontology.org/ontology/UATC/M01AE01"	"Adulfen lysine, Advil-mono, Brufen, Buprophar, Dolofin, Epsilon, Ibumed, Ibuprofen EG, Ibuprofen Sandoz, Ibuprofen Teva, Malafene, Nurofebryl, Nurofen, Optalidon nieuwe formule, Perviam, Spidifen"
"http://nl.dbpedia.org/resource/Itraconazol"	"Itraconazol"	"J02AC02"	"http://purl.bioontology.org/ontology/UATC/J02AC02"	"Sporanox"
"http://nl.dbpedia.org/resource/Miconazol"	"Miconazol"	"J02AB01"	"http://purl.bioontology.org/ontology/UATC/J02AB01"	"Daktarin, Daktozin, Gyno-daktarin , Zimycan"
"http://nl.dbpedia.org/resource/Ranitidine"	"Ranitidine"	"A02BA02"	"http://purl.bioontology.org/ontology/UATC/A02BA02"	"Docraniti , Gastran , Merck-Ranitidine , Ranitidine , Zantac"
"http://nl.dbpedia.org/resource/Insuline_glargine"	"Insuline glargine"	"A10AE04"	"http://purl.bioontology.org/ontology/UATC/A10AE04"	"Lantus"
"http://nl.dbpedia.org/resource/Insuline_lispro"	"Insuline lispro"	"A10AB04"	"http://purl.bioontology.org/ontology/UATC/A10AB04"	"Humalog"
"http://nl.dbpedia.org/resource/Sitagliptine"	"Sitagliptine"	"A10BH01"	"http://purl.bioontology.org/ontology/UATC/A10BH01"	"Januvia"
"http://nl.dbpedia.org/resource/Emtricitabine"	"Emtricitabine"	"J05AF09"	"http://purl.bioontology.org/ontology/UATC/J05AF09"	"Emtriva"
"http://nl.dbpedia.org/resource/Florbetapir_(18F)"	"Florbetapir (18F)"	"V09AX05"	"http://purl.bioontology.org/ontology/UATC/V09AX05"	"Amyvid"
"http://nl.dbpedia.org/resource/Levocetirizine"	"Levocetirizine"	"R06AE09"	"http://purl.bioontology.org/ontology/UATC/R06AE09"	"Xyzal, Xyzall, Xusal, Xozal, Xazal"
"http://nl.dbpedia.org/resource/Melatonine"	"Melatonine"	"N05CH01"	"http://purl.bioontology.org/ontology/UATC/N05CH01"	"Circadin"
"http://nl.dbpedia.org/resource/Sofosbuvir"	"Sofosbuvir"	"J05AB"	"http://purl.bioontology.org/ontology/UATC/J05AB"	"Sovaldi®"
"http://nl.dbpedia.org/resource/Benazepril"	"Benazepril"	"9.0AA07"	"http://purl.bioontology.org/ontology/UATC/9.0AA07"	"Lotensin; Cibacen"
"http://nl.dbpedia.org/resource/Econazol"	"Econazol"	"D01AC03"	"http://purl.bioontology.org/ontology/UATC/D01AC03"	"Pevaryl"
"http://nl.dbpedia.org/resource/Nateglinide"	"Nateglinide"	"A10BX033"	"http://purl.bioontology.org/ontology/UATC/A10BX033"	"Starlix"
"http://nl.dbpedia.org/resource/Nebivolol"	"Nebivolol"	"7.0AB12"	"http://purl.bioontology.org/ontology/UATC/7.0AB12"	"Nebilet, Bystolic"
"http://nl.dbpedia.org/resource/Tamsulosine"	"Tamsulosine"	"G04CA02"	"http://purl.bioontology.org/ontology/UATC/G04CA02"	"Flomax; Omnic; generiek"
"http://nl.dbpedia.org/resource/Valproïnezuur"	"Valproïnezuur"	"N03AG01"	"http://purl.bioontology.org/ontology/UATC/N03AG01"	"Depakine; merkloos"
"http://nl.dbpedia.org/resource/Gliclazide"	"Gliclazide"	"A10BB09"	"http://purl.bioontology.org/ontology/UATC/A10BB09"	"Diamicron®"
"http://nl.dbpedia.org/resource/Memantine"	"Memantine"	"N06DX01"	"http://purl.bioontology.org/ontology/UATC/N06DX01"	"o.m. Ebixa®, Axura®"
"http://nl.dbpedia.org/resource/Paracetamol"	"Paracetamol"	"N02BE01"	"http://purl.bioontology.org/ontology/UATC/N02BE01"	"Panadol, Apc, Ppc, Dafalgan, Sinaspril"
"http://nl.dbpedia.org/resource/Atenolol"	"Atenolol"	"7.0AB03"	"http://purl.bioontology.org/ontology/UATC/7.0AB03"	"Tenormin ; generiek"
"http://nl.dbpedia.org/resource/Besilesomab"	"Besilesomab"	"V09HA03"	"http://purl.bioontology.org/ontology/UATC/V09HA03"	"Scintimun"
"http://nl.dbpedia.org/resource/Cilazapril"	"Cilazapril"	"9.0AA08"	"http://purl.bioontology.org/ontology/UATC/9.0AA08"	"Cilazil, Inibace, Vascace, Dynorm, generiek"
"http://nl.dbpedia.org/resource/Filgrastim"	"Filgrastim"	"L03AA02"	"http://purl.bioontology.org/ontology/UATC/L03AA02"	"Neupogen ; Religrast ; Tevagrastim ; Biograstim ; Ratiograstim ; Zarzio ;"
"http://nl.dbpedia.org/resource/Latanoprost"	"Latanoprost"	"S01EE05"	"http://purl.bioontology.org/ontology/UATC/S01EE05"	"Xalatan; generiek"
"http://nl.dbpedia.org/resource/Salbutamol"	"Salbutamol"	"R03AC02"	"http://purl.bioontology.org/ontology/UATC/R03AC02"	"Ventolin, Airomir, ..."
"http://nl.dbpedia.org/resource/Abacavir/dolutegravir/lamivudine"	"Abacavir/dolutegravir/lamivudine"	"J05AR13"	"http://purl.bioontology.org/ontology/UATC/J05AR13"	"Triumeq"
"http://nl.dbpedia.org/resource/Allopurinol"	"Allopurinol"	"M04AA01"	"http://purl.bioontology.org/ontology/UATC/M04AA01"	"Allopurinol , Alpuric , Docallopu , Zyloric"
"http://nl.dbpedia.org/resource/Formoterol"	"Formoterol"	"R03AC13"	"http://purl.bioontology.org/ontology/UATC/R03AC13"	"Atimos , Foradil , Oxis , combinatie: Symbicort"
"http://nl.dbpedia.org/resource/Prednison"	"Prednison"	"A07EA03"	"http://purl.bioontology.org/ontology/UATC/A07EA03"	"Predforte, Ultracortenol, Medrol. Het zit daarnaast in een aantal combinatiepreparaten"
"http://nl.dbpedia.org/resource/Acamprosaat"	"Acamprosaat"	"N07BB03"	"http://purl.bioontology.org/ontology/UATC/N07BB03"	"Campral"
"http://nl.dbpedia.org/resource/Actrapid"	"Actrapid"	"A10AB01"	"http://purl.bioontology.org/ontology/UATC/A10AB01"	"Actrapid/Novolin"
"http://nl.dbpedia.org/resource/Amisulpride"	"Amisulpride"	"N05AL05"	"http://purl.bioontology.org/ontology/UATC/N05AL05"	"Solian ; generiek amisulpride"
"http://nl.dbpedia.org/resource/Azitromycine"	"Azitromycine"	"J01FA10"	"http://purl.bioontology.org/ontology/UATC/J01FA10"	"Merck-Azithromycine , Zitromax®"
"http://nl.dbpedia.org/resource/Imatinib"	"Imatinib"	"L01XX28"	"http://purl.bioontology.org/ontology/UATC/L01XX28"	"Glivec  en Ruvise"
"http://nl.dbpedia.org/resource/Iohexol"	"Iohexol"	"V08AB02"	"http://purl.bioontology.org/ontology/UATC/V08AB02"	"Omnipaque"
"http://nl.dbpedia.org/resource/Labetalol"	"Labetalol"	"7.0AG01"	"http://purl.bioontology.org/ontology/UATC/7.0AG01"	"Trandate; Labetalol"
"http://nl.dbpedia.org/resource/Montelukast"	"Montelukast"	"R03DC03"	"http://purl.bioontology.org/ontology/UATC/R03DC03"	"Singulair, Airathon, generiek"
"http://nl.dbpedia.org/resource/Palonosetron"	"Palonosetron"	"A04AA05"	"http://purl.bioontology.org/ontology/UATC/A04AA05"	"Aloxi"
"http://nl.dbpedia.org/resource/Pemoline"	"Pemoline"	"N06BA05"	"http://purl.bioontology.org/ontology/UATC/N06BA05"	"Cylert ; Stimul"
"http://nl.dbpedia.org/resource/Piritramide"	"Piritramide"	"N02AC03"	"http://purl.bioontology.org/ontology/UATC/N02AC03"	"Dipidolor"
"http://nl.dbpedia.org/resource/Pregabaline"	"Pregabaline"	"N03AX16"	"http://purl.bioontology.org/ontology/UATC/N03AX16"	"Lyrica"
"http://nl.dbpedia.org/resource/Propofol"	"Propofol"	"N01AX10"	"http://purl.bioontology.org/ontology/UATC/N01AX10"	"Diprivan , propofol"
"http://nl.dbpedia.org/resource/Quinapril"	"Quinapril"	"9.0AA06"	"http://purl.bioontology.org/ontology/UATC/9.0AA06"	"Acupril ; Quinapril"
"http://nl.dbpedia.org/resource/Ramelteon"	"Ramelteon"	"N05CH02"	"http://purl.bioontology.org/ontology/UATC/N05CH02"	"Rozerem"
"http://nl.dbpedia.org/resource/Velaglucerase_alfa"	"Velaglucerase alfa"	"A16AB10"	"http://purl.bioontology.org/ontology/UATC/A16AB10"	"VPRIV"
"http://nl.dbpedia.org/resource/Solifenacine"	"Solifenacine"	"G04BD08"	"http://purl.bioontology.org/ontology/UATC/G04BD08"	"Vesicare"
"http://nl.dbpedia.org/resource/Zonisamide"	"Zonisamide"	"N03AX15"	"http://purl.bioontology.org/ontology/UATC/N03AX15"	"Zonegran"
"http://nl.dbpedia.org/resource/Barnidipine"	"Barnidipine"	"8.0CA12"	"http://purl.bioontology.org/ontology/UATC/8.0CA12"	"Cyress"
"http://nl.dbpedia.org/resource/Elvitegravir"	"Elvitegravir"	"J05AX11"	"http://purl.bioontology.org/ontology/UATC/J05AX11"	"Stribild"
"http://nl.dbpedia.org/resource/Elvitegravir"	"Elvitegravir"	"J05AX11"	"http://purl.bioontology.org/ontology/UATC/J05AX11"	"Vitekta"
"http://nl.dbpedia.org/resource/Tapentadol"	"Tapentadol"	"N02AX06"	"http://purl.bioontology.org/ontology/UATC/N02AX06"	"Palexia, Yantil, Nucynta"
"http://nl.dbpedia.org/resource/Cefotetan"	"Cefotetan"	"J01DC05"	"http://purl.bioontology.org/ontology/UATC/J01DC05"	"Apacef, Apatef, Cefotan"
"http://nl.dbpedia.org/resource/Ciclosporine"	"Ciclosporine"	"L04AA01"	"http://purl.bioontology.org/ontology/UATC/L04AA01"	"Neoral Sandimmun, Neoral Sandimmun, Sandimmun"
"http://nl.dbpedia.org/resource/Dimetindeen"	"Dimetindeen"	"R06AB03"	"http://purl.bioontology.org/ontology/UATC/R06AB03"	"Fenistil"
"http://nl.dbpedia.org/resource/Paliperidon"	"Paliperidon"	"N05AX13"	"http://purl.bioontology.org/ontology/UATC/N05AX13"	"Invega"
"http://nl.dbpedia.org/resource/Ranolazine"	"Ranolazine"	"1.0EB18"	"http://purl.bioontology.org/ontology/UATC/1.0EB18"	"Ranexa ; Latixa"
"http://nl.dbpedia.org/resource/Sugammadex"	"Sugammadex"	"V03AB35"	"http://purl.bioontology.org/ontology/UATC/V03AB35"	"Bridion"
"http://nl.dbpedia.org/resource/Colistine"	"Colistine"	"J01XB01"	"http://purl.bioontology.org/ontology/UATC/J01XB01"	"Colistin; ColiFin; Tadim e.a."
"http://nl.dbpedia.org/resource/Aciclovir"	"Aciclovir"	"J05AB01"	"http://purl.bioontology.org/ontology/UATC/J05AB01"	"Aciclomed, Aciclophar, Aciclovir , Docaciclo, Viratop, Zovirax"
"http://nl.dbpedia.org/resource/Diclofenac"	"Diclofenac"	"M01AB05"	"http://purl.bioontology.org/ontology/UATC/M01AB05"	"Arthrotec  , Voltaren , Voltarol, Diclon, Cataflam , Naclof"
"http://nl.dbpedia.org/resource/Elosulfase_alfa"	"Elosulfase alfa"	"A16AB12"	"http://purl.bioontology.org/ontology/UATC/A16AB12"	"Vimizim"
"http://nl.dbpedia.org/resource/Omeprazol"	"Omeprazol"	"A02BC01"	"http://purl.bioontology.org/ontology/UATC/A02BC01"	"Losec™, Losecosan™"
"http://nl.dbpedia.org/resource/Tramadol"	"Tramadol"	"N02AX02"	"http://purl.bioontology.org/ontology/UATC/N02AX02"	"Contramal , Doctramado , Dolzam , Tradonal , Tramal , Tramium"
"http://nl.dbpedia.org/resource/Zimelidine"	"Zimelidine"	"N06AB02"	"http://purl.bioontology.org/ontology/UATC/N06AB02"	"Zelmid"
"http://nl.dbpedia.org/resource/Captopril"	"Captopril"	"9.0AA01"	"http://purl.bioontology.org/ontology/UATC/9.0AA01"	"Capoten; generiek"
"http://nl.dbpedia.org/resource/Di-ethylcarbamazine"	"Di-ethylcarbamazine"	"P02CB02"	"http://purl.bioontology.org/ontology/UATC/P02CB02"	"o.m. Hetrazan"
"http://nl.dbpedia.org/resource/Naratriptan"	"Naratriptan"	"N02CC02"	"http://purl.bioontology.org/ontology/UATC/N02CC02"	"Naramig ; generiek"
"http://nl.dbpedia.org/resource/Papaverine"	"Papaverine"	"A03AD01"	"http://purl.bioontology.org/ontology/UATC/A03AD01"	""
"http://nl.dbpedia.org/resource/Travoprost"	"Travoprost"	"S01EE05"	"http://purl.bioontology.org/ontology/UATC/S01EE05"	"Travatan"
"http://nl.dbpedia.org/resource/Ketamine"	"Ketamine"	"N01AX03"	"http://purl.bioontology.org/ontology/UATC/N01AX03"	"Ketalar , Ketanest"
"http://nl.dbpedia.org/resource/Methadon"	"Methadon"	"N02AC52"	"http://purl.bioontology.org/ontology/UATC/N02AC52"	"Mephenon , Symoron"
"http://nl.dbpedia.org/resource/Rifabutine"	"Rifabutine"	"J04AB04"	"http://purl.bioontology.org/ontology/UATC/J04AB04"	"Mycobutin"
"http://nl.dbpedia.org/resource/Clotiazepam"	"Clotiazepam"	"N05BA21"	"http://purl.bioontology.org/ontology/UATC/N05BA21"	"Clozan"
"http://nl.dbpedia.org/resource/Doripenem"	"Doripenem"	"J01DH04"	"http://purl.bioontology.org/ontology/UATC/J01DH04"	"Finibax; Doribax"
"http://nl.dbpedia.org/resource/Mycofenolzuur"	"Mycofenolzuur"	"L04AA06"	"http://purl.bioontology.org/ontology/UATC/L04AA06"	"CellCept, Myfortic"
"http://nl.dbpedia.org/resource/Propiverine"	"Propiverine"	"G04BD06"	"http://purl.bioontology.org/ontology/UATC/G04BD06"	"Mictonorm, Propinorm, Detrunorm"
"http://nl.dbpedia.org/resource/Rasagiline"	"Rasagiline"	"N04BD02"	"http://purl.bioontology.org/ontology/UATC/N04BD02"	"Azilect"
"http://nl.dbpedia.org/resource/Repaglinide"	"Repaglinide"	"A10BX02"	"http://purl.bioontology.org/ontology/UATC/A10BX02"	"NovoNorm; generiek"
"http://nl.dbpedia.org/resource/Triazolam"	"Triazolam"	"N05CD05"	"http://purl.bioontology.org/ontology/UATC/N05CD05"	"halcion"
"http://nl.dbpedia.org/resource/Anagrelide"	"Anagrelide"	"L01XX35"	"http://purl.bioontology.org/ontology/UATC/L01XX35"	"Xagrid ; generiek"
"http://nl.dbpedia.org/resource/Ceftriaxon"	"Ceftriaxon"	"J01DD04"	"http://purl.bioontology.org/ontology/UATC/J01DD04"	"Rocephin, Epicephin, Arixon, Elcefrin"
"http://nl.dbpedia.org/resource/Chlooramfenicol"	"Chlooramfenicol"	"D06AX02"	"http://purl.bioontology.org/ontology/UATC/D06AX02"	"Chloramphenicol, Isopto Fenicol, De Icol"
"http://nl.dbpedia.org/resource/Clozapine"	"Clozapine"	"N05AH02"	"http://purl.bioontology.org/ontology/UATC/N05AH02"	"Leponex, Klozapol in Polen, Clozaril"
"http://nl.dbpedia.org/resource/Erytromycine"	"Erytromycine"	"J01FA01"	"http://purl.bioontology.org/ontology/UATC/J01FA01"	"Erythrocine, Erythroforte, Benzamycin, Acneryne, Aknemycin, Inderm, Stimycine, Zineryt"
"http://nl.dbpedia.org/resource/Telithromycine"	"Telithromycine"	"J01FA15"	"http://purl.bioontology.org/ontology/UATC/J01FA15"	"Ketek"
"http://nl.dbpedia.org/resource/Gabapentine"	"Gabapentine"	"N03AX12"	"http://purl.bioontology.org/ontology/UATC/N03AX12"	"Neurontin ; generiek"
"http://nl.dbpedia.org/resource/Doxycycline"	"Doxycycline"	"J01AA02"	"http://purl.bioontology.org/ontology/UATC/J01AA02"	"Vibramycine"
"http://nl.dbpedia.org/resource/Fingolimod"	"Fingolimod"	"L04AA27"	"http://purl.bioontology.org/ontology/UATC/L04AA27"	"Gilenya"
"http://nl.dbpedia.org/resource/Rosuvastatine"	"Rosuvastatine"	"10.0AA07"	"http://purl.bioontology.org/ontology/UATC/10.0AA07"	"Crestor"
"http://nl.dbpedia.org/resource/Triflupromazine"	"Triflupromazine"	"N05AA05"	"http://purl.bioontology.org/ontology/UATC/N05AA05"	"Siquil"
"http://nl.dbpedia.org/resource/Acitretine"	"Acitretine"	"D05BB02"	"http://purl.bioontology.org/ontology/UATC/D05BB02"	"Neotigason"
"http://nl.dbpedia.org/resource/Duloxetine"	"Duloxetine"	"N06AX21"	"http://purl.bioontology.org/ontology/UATC/N06AX21"	"Ariclaim, Cymbalta, Xeristar"
"http://nl.dbpedia.org/resource/Ivabradine"	"Ivabradine"	"1.0EB17"	"http://purl.bioontology.org/ontology/UATC/1.0EB17"	"Corlentor, Procoralan"
"http://nl.dbpedia.org/resource/Temozolomide"	"Temozolomide"	"1AX03"	"http://purl.bioontology.org/ontology/UATC/1AX03"	"Temodal; merkloos"
"http://nl.dbpedia.org/resource/Atomoxetine"	"Atomoxetine"	"N06BA09"	"http://purl.bioontology.org/ontology/UATC/N06BA09"	"Strattera"
"http://nl.dbpedia.org/resource/Aztreonam"	"Aztreonam"	"J01DF01"	"http://purl.bioontology.org/ontology/UATC/J01DF01"	"Azactam"
"http://nl.dbpedia.org/resource/Dextro-amfetamine"	"Dextro-amfetamine"	"N06BA01"	"http://purl.bioontology.org/ontology/UATC/N06BA01"	"Dexedrine, Dexamyl, Amfexa"
"http://nl.dbpedia.org/resource/Etanercept"	"Etanercept"	"L04AA11"	"http://purl.bioontology.org/ontology/UATC/L04AA11"	"Enbrel"
"http://nl.dbpedia.org/resource/Gadobutrol"	"Gadobutrol"	"V08CA09"	"http://purl.bioontology.org/ontology/UATC/V08CA09"	"Gadovist, Gadograf"
"http://nl.dbpedia.org/resource/Insuline_detemir"	"Insuline detemir"	"A10AE05"	"http://purl.bioontology.org/ontology/UATC/A10AE05"	"Levemir"
"http://nl.dbpedia.org/resource/Quetiapine"	"Quetiapine"	"N05AH04"	"http://purl.bioontology.org/ontology/UATC/N05AH04"	"Seroquel"
"http://nl.dbpedia.org/resource/Salmeterol"	"Salmeterol"	"R03AC12"	"http://purl.bioontology.org/ontology/UATC/R03AC12"	"Serevent"
"http://nl.dbpedia.org/resource/Salmeterol"	"Salmeterol"	"R03AC12"	"http://purl.bioontology.org/ontology/UATC/R03AC12"	"combinatie: Seretide"
"http://nl.dbpedia.org/resource/Xylometazoline"	"Xylometazoline"	"R01AA07"	"http://purl.bioontology.org/ontology/UATC/R01AA07"	"Nasa rhinathiol , Nasasinutab , Nuso-san , Otrivin anti-rhinitis , Xylometazoline EG"
"http://nl.dbpedia.org/resource/Bupropion"	"Bupropion"	"N06AX12"	"http://purl.bioontology.org/ontology/UATC/N06AX12"	"Wellbutrin, Zyban"
"http://nl.dbpedia.org/resource/Framycetine"	"Framycetine"	"R01AX08"	"http://purl.bioontology.org/ontology/UATC/R01AX08"	"Soframycine"
"http://nl.dbpedia.org/resource/Isoniazide"	"Isoniazide"	"J04AC01"	"http://purl.bioontology.org/ontology/UATC/J04AC01"	"Nicotibine"
"http://nl.dbpedia.org/resource/Lisinopril"	"Lisinopril"	"9.0AA03"	"http://purl.bioontology.org/ontology/UATC/9.0AA03"	"Doc lisinopril , Lisinopril, EG, Merck, Ratiopharm, Sandoz, Teva), Novatec , Zestril"
"http://nl.dbpedia.org/resource/Modafinil"	"Modafinil"	"N06BA07"	"http://purl.bioontology.org/ontology/UATC/N06BA07"	"Provigil, Modiodal"
"http://nl.dbpedia.org/resource/Olanzapine"	"Olanzapine"	"N05AH03"	"http://purl.bioontology.org/ontology/UATC/N05AH03"	"Zyprexa , Zalasta"
"http://nl.dbpedia.org/resource/Acetazolamide"	"Acetazolamide"	"S01EC01"	"http://purl.bioontology.org/ontology/UATC/S01EC01"	"Diamox"
"http://nl.dbpedia.org/resource/Agalsidase_alfa"	"Agalsidase alfa"	"A16AB03"	"http://purl.bioontology.org/ontology/UATC/A16AB03"	"Replagal"
"http://nl.dbpedia.org/resource/Miltefosine"	"Miltefosine"	"L01XX09"	"http://purl.bioontology.org/ontology/UATC/L01XX09"	"Impavido, Miltex"
"http://nl.dbpedia.org/resource/Acetylsalicylzuur"	"Acetylsalicylzuur"	"A01AD05"	"http://purl.bioontology.org/ontology/UATC/A01AD05"	"Alka Seltzer , Aspirine , Aspro , Cardiphar , Dispril , Sedergine , Acenterine , Asaflow , Cardioaspirine"
"http://nl.dbpedia.org/resource/Amiodaron"	"Amiodaron"	"1.0BD01"	"http://purl.bioontology.org/ontology/UATC/1.0BD01"	"Cordarone ; Amiodarone"
"http://nl.dbpedia.org/resource/Carbamazepine"	"Carbamazepine"	"N03AF01"	"http://purl.bioontology.org/ontology/UATC/N03AF01"	"Merck-Carbamazepine , Merck-Carbamazepine  Retard, Tegretol"
"http://nl.dbpedia.org/resource/Efedrine"	"Efedrine"	"R01AA03"	"http://purl.bioontology.org/ontology/UATC/R01AA03"	"Efedrine: Endrine. Efedrinehydrochloride: Enurace,  Broncal, Bronchobel, Clarix, Colimax, Folex, Kamfeine, Mepecton, Ephedronguent. Efedrinelevulinaat: Argyrophedrine. Efedrinetartraat: Alfavit."
"http://nl.dbpedia.org/resource/Fentanyl"	"Fentanyl"	"N01AH01"	"http://purl.bioontology.org/ontology/UATC/N01AH01"	"Durogesic , Fentanyl Bexal , Fentanyl , Fentanyl-hameln , zuigtablet Actiq ,  sublinguale toediening Abstral"
"http://nl.dbpedia.org/resource/Haloperidol"	"Haloperidol"	"N05AD01"	"http://purl.bioontology.org/ontology/UATC/N05AD01"	"Haldol"
"http://nl.dbpedia.org/resource/Mefloquine"	"Mefloquine"	"P01BC02"	"http://purl.bioontology.org/ontology/UATC/P01BC02"	"Lariam"
"http://nl.dbpedia.org/resource/Melfalan"	"Melfalan"	"L01AA03"	"http://purl.bioontology.org/ontology/UATC/L01AA03"	"Alkeran"
"http://nl.dbpedia.org/resource/Ondansetron"	"Ondansetron"	"A04AA01"	"http://purl.bioontology.org/ontology/UATC/A04AA01"	"Zofran  of generiek"
"http://nl.dbpedia.org/resource/Valsartan"	"Valsartan"	"9.0CA03"	"http://purl.bioontology.org/ontology/UATC/9.0CA03"	"Diovan"
"http://nl.dbpedia.org/resource/Alfentanil"	"Alfentanil"	"N01AH02"	"http://purl.bioontology.org/ontology/UATC/N01AH02"	"Rapifen"
"http://nl.dbpedia.org/resource/Capecitabine"	"Capecitabine"	"L01BC06"	"http://purl.bioontology.org/ontology/UATC/L01BC06"	"Xeloda"
"http://nl.dbpedia.org/resource/Cobicistat"	"Cobicistat"	"V03AX03"	"http://purl.bioontology.org/ontology/UATC/V03AX03"	"Stribild"
"http://nl.dbpedia.org/resource/Cobicistat"	"Cobicistat"	"V03AX03"	"http://purl.bioontology.org/ontology/UATC/V03AX03"	"Tybost"
"http://nl.dbpedia.org/resource/Nifedipine"	"Nifedipine"	"8.0CA05"	"http://purl.bioontology.org/ontology/UATC/8.0CA05"	"Adalat; generiek"
"http://nl.dbpedia.org/resource/Cerivastatine"	"Cerivastatine"	"10.0AA06"	"http://purl.bioontology.org/ontology/UATC/10.0AA06"	"Lipobay , Cholstat"
"http://nl.dbpedia.org/resource/Everolimus"	"Everolimus"	"L04AA18"	"http://purl.bioontology.org/ontology/UATC/L04AA18"	"Certican®, Afinitor®,Votubia®."
"http://nl.dbpedia.org/resource/Indometacine"	"Indometacine"	"1.0EB03"	"http://purl.bioontology.org/ontology/UATC/1.0EB03"	"Dolcidium, Indocid, Indocid I.V., Dolcidium, Luiflex, Indocollyre"
"http://nl.dbpedia.org/resource/Natriumthiopental"	"Natriumthiopental"	"N01AF03"	"http://purl.bioontology.org/ontology/UATC/N01AF03"	"Pentothal , Thiopentone, Nesdonal"
"http://nl.dbpedia.org/resource/Pravastatine"	"Pravastatine"	"10.0AA03"	"http://purl.bioontology.org/ontology/UATC/10.0AA03"	"Doc pravastatine , Merckprareduct , Pravasine , Pravastatine"
"http://nl.dbpedia.org/resource/Agomelatine"	"Agomelatine"	"N06AX22"	"http://purl.bioontology.org/ontology/UATC/N06AX22"	"Valdoxan, Melitor, Thymanax"
"http://nl.dbpedia.org/resource/Dihydrocodeïne"	"Dihydrocodeïne"	"N02AA08"	"http://purl.bioontology.org/ontology/UATC/N02AA08"	"Paracodine"
"http://nl.dbpedia.org/resource/Efavirenz"	"Efavirenz"	"J05AG03"	"http://purl.bioontology.org/ontology/UATC/J05AG03"	"Sustiva; generiek"
"http://nl.dbpedia.org/resource/Lactulose"	"Lactulose"	"A06AD11"	"http://purl.bioontology.org/ontology/UATC/A06AD11"	"Duphalac; Legendal; Laxeersiroop; merkloos lactulose"
"http://nl.dbpedia.org/resource/Oxcarbazepine"	"Oxcarbazepine"	"N03AF02"	"http://purl.bioontology.org/ontology/UATC/N03AF02"	"Trileptal ; Oxcarbazepine Mylan"
"http://nl.dbpedia.org/resource/Timolol"	"Timolol"	"7.0AA06"	"http://purl.bioontology.org/ontology/UATC/7.0AA06"	"o.a. Nyogel, Timoptol, Blocadren"
"http://nl.dbpedia.org/resource/Atorvastatine"	"Atorvastatine"	"10.0AA05"	"http://purl.bioontology.org/ontology/UATC/10.0AA05"	"Lipitor"
"http://nl.dbpedia.org/resource/Clopidogrel"	"Clopidogrel"	"B01AC04"	"http://purl.bioontology.org/ontology/UATC/B01AC04"	"Plavix ; Clopidogrel"
"http://nl.dbpedia.org/resource/Finasteride"	"Finasteride"	"G04CB01"	"http://purl.bioontology.org/ontology/UATC/G04CB01"	"Proscar"
"http://nl.dbpedia.org/resource/Pethidine"	"Pethidine"	"N02AB02"	"http://purl.bioontology.org/ontology/UATC/N02AB02"	"Dolantine"
"http://nl.dbpedia.org/resource/Rofecoxib"	"Rofecoxib"	"M01AH02"	"http://purl.bioontology.org/ontology/UATC/M01AH02"	"Vioxx, Ceoxx, Ceeoxx"
"http://nl.dbpedia.org/resource/Sulfasalazine"	"Sulfasalazine"	"A07EC01"	"http://purl.bioontology.org/ontology/UATC/A07EC01"	"Salazopyrine"
"http://nl.dbpedia.org/resource/Celecoxib"	"Celecoxib"	"M01AH01"	"http://purl.bioontology.org/ontology/UATC/M01AH01"	"Celebrex"
"http://nl.dbpedia.org/resource/Fenipentol"	"Fenipentol"	"A05AX07"	"http://purl.bioontology.org/ontology/UATC/A05AX07"	"onder meer Febichol, Pentabil, Menabil, Cholipin"
"http://nl.dbpedia.org/resource/Fluticasonfuroaat"	"Fluticasonfuroaat"	"D07AC17"	"http://purl.bioontology.org/ontology/UATC/D07AC17"	"Avamys, Veramyst"
"http://nl.dbpedia.org/resource/Glimepiride"	"Glimepiride"	"A10BB12"	"http://purl.bioontology.org/ontology/UATC/A10BB12"	"Amaryl®, Glimepiride Sandoz®"
"http://nl.dbpedia.org/resource/Iodixanol"	"Iodixanol"	"V08AB09"	"http://purl.bioontology.org/ontology/UATC/V08AB09"	"Visipaque"
"http://nl.dbpedia.org/resource/Chloroquine"	"Chloroquine"	"P01BA01"	"http://purl.bioontology.org/ontology/UATC/P01BA01"	"Nivaquine"
"http://nl.dbpedia.org/resource/Domperidon"	"Domperidon"	"A03FA03"	"http://purl.bioontology.org/ontology/UATC/A03FA03"	"Docdomperi, Domperidon Teva, Domperidone EG, Domperitop, Gastrocure, Merck-Domperidon, Motilium, Zilium, Touristil"
"http://nl.dbpedia.org/resource/Drospirenon"	"Drospirenon"	"G03AA12"	"http://purl.bioontology.org/ontology/UATC/G03AA12"	"Yasmin® , Angeliq® , YAZ 24+4®"
"http://nl.dbpedia.org/resource/Metformine"	"Metformine"	"A10BA02"	"http://purl.bioontology.org/ontology/UATC/A10BA02"	"Glucophage®, Fortamet®, Riomet®"
"http://nl.dbpedia.org/resource/Methylfenidaat"	"Methylfenidaat"	"N06BA04"	"http://purl.bioontology.org/ontology/UATC/N06BA04"	"Concerta van Janssen-Cilag"
"http://nl.dbpedia.org/resource/Methylfenidaat"	"Methylfenidaat"	"N06BA04"	"http://purl.bioontology.org/ontology/UATC/N06BA04"	"Ritalin, in België: Rilatine van Novartis"
"http://nl.dbpedia.org/resource/Oxytocine"	"Oxytocine"	"H01BB02"	"http://purl.bioontology.org/ontology/UATC/H01BB02"	"Syntocinon"
"http://nl.dbpedia.org/resource/Vancomycine"	"Vancomycine"	"A07AA09"	"http://purl.bioontology.org/ontology/UATC/A07AA09"	"Vamysin , Vancocin , Vancomycine mayne"
"http://nl.dbpedia.org/resource/Aripiprazol"	"Aripiprazol"	"N05AX12"	"http://purl.bioontology.org/ontology/UATC/N05AX12"	"Abilify"
"http://nl.dbpedia.org/resource/Ceftazidim"	"Ceftazidim"	"J01DD02"	"http://purl.bioontology.org/ontology/UATC/J01DD02"	"Fortum"
"http://nl.dbpedia.org/resource/Fenofibraat"	"Fenofibraat"	"10.0AB05"	"http://purl.bioontology.org/ontology/UATC/10.0AB05"	"TriCor, Lipanthyl, Proctofene, Sedufen, Fenogal, Fenofitop, Fenofibraat  ..."
"http://nl.dbpedia.org/resource/Mometasonfuroaat"	"Mometasonfuroaat"	"D07AC13"	"http://purl.bioontology.org/ontology/UATC/D07AC13"	"Elocon, Asmanex, Elovent, Nasonex"
"http://nl.dbpedia.org/resource/Elvitegravir/cobicistat/emtricitabine/tenofovir_disoproxil"	"Elvitegravir/cobicistat/emtricitabine/tenofovir disoproxil"	"J05AR09"	"http://purl.bioontology.org/ontology/UATC/J05AR09"	"Stribild"
"http://nl.dbpedia.org/resource/Lacidipine"	"Lacidipine"	"8.0CA09"	"http://purl.bioontology.org/ontology/UATC/8.0CA09"	"Lacipil; Motens"
"http://nl.dbpedia.org/resource/Levomepromazine"	"Levomepromazine"	"N05AA02"	"http://purl.bioontology.org/ontology/UATC/N05AA02"	"Nozinan, Nosinan, Levoprome"
"http://nl.dbpedia.org/resource/Docetaxel"	"Docetaxel"	"L01CD02"	"http://purl.bioontology.org/ontology/UATC/L01CD02"	"Taxotere ; generiek"
"http://nl.dbpedia.org/resource/Kinidine"	"Kinidine"	"1.0BA01"	"http://purl.bioontology.org/ontology/UATC/1.0BA01"	"Cardioquin; Kinidine Durettes; Kinidine Dragees"
"http://nl.dbpedia.org/resource/Lovastatine"	"Lovastatine"	"10.0AA02"	"http://purl.bioontology.org/ontology/UATC/10.0AA02"	"Mevacor niet verkrijgbaar"
"http://nl.dbpedia.org/resource/Rivastigmine"	"Rivastigmine"	"N06DA03"	"http://purl.bioontology.org/ontology/UATC/N06DA03"	"Exelon® ; Nimvastid®"
"http://nl.dbpedia.org/resource/Tadalafil"	"Tadalafil"	"G04BE08"	"http://purl.bioontology.org/ontology/UATC/G04BE08"	"Cialis; Tadalafil Lilly"
"http://nl.dbpedia.org/resource/Cefalexine"	"Cefalexine"	"J01DB01"	"http://purl.bioontology.org/ontology/UATC/J01DB01"	"o.a. Keftab, Keflex, Keforal, generiek"
"http://nl.dbpedia.org/resource/Mirabegron"	"Mirabegron"	"G04BD12"	"http://purl.bioontology.org/ontology/UATC/G04BD12"	"Betanis; Betmiga; Myrbetriq"
"http://nl.dbpedia.org/resource/Semaglutide"	"Semaglutide"	"A10BJ06"	"http://purl.bioontology.org/ontology/UATC/A10BJ06"	"Ozempic"
"http://nl.dbpedia.org/resource/Spiramycine"	"Spiramycine"	"J01FA02"	"http://purl.bioontology.org/ontology/UATC/J01FA02"	"Rovamycine"
"http://nl.dbpedia.org/resource/Tolvaptan"	"Tolvaptan"	"3.0XA01"	"http://purl.bioontology.org/ontology/UATC/3.0XA01"	"Samsca"
"http://nl.dbpedia.org/resource/Carvedilol"	"Carvedilol"	"7.0AG02"	"http://purl.bioontology.org/ontology/UATC/7.0AG02"	"Eucardic, Coreg, Carvedimed, Carvedilol"
"http://nl.dbpedia.org/resource/Fluvastatine"	"Fluvastatine"	"10.0AA04"	"http://purl.bioontology.org/ontology/UATC/10.0AA04"	"Lescol"
"http://nl.dbpedia.org/resource/Lamotrigine"	"Lamotrigine"	"N03AX09"	"http://purl.bioontology.org/ontology/UATC/N03AX09"	"Lamictal, Lambipol"
"http://nl.dbpedia.org/resource/Metoprolol"	"Metoprolol"	"7.0AB02"	"http://purl.bioontology.org/ontology/UATC/7.0AB02"	"Lopressor, Selokeen, Selocomb"
"http://nl.dbpedia.org/resource/Pilocarpine"	"Pilocarpine"	"N07AX01"	"http://purl.bioontology.org/ontology/UATC/N07AX01"	"Isopto-carpine , Pilo , Salagen , combinatiepreparaat Normoglaucon"
"http://nl.dbpedia.org/resource/Sumatriptan"	"Sumatriptan"	"N02CC01"	"http://purl.bioontology.org/ontology/UATC/N02CC01"	"Imitrex , Merck-Sumatriptan, Sumatriptan Sandoz, Imigran"
"http://nl.dbpedia.org/resource/Adrafinil"	"Adrafinil"	"N06BX17"	"http://purl.bioontology.org/ontology/UATC/N06BX17"	"Olmifon"
"http://nl.dbpedia.org/resource/Fluconazol"	"Fluconazol"	"D01AC15"	"http://purl.bioontology.org/ontology/UATC/D01AC15"	"Diflucan, Doc Fluconazol, Fluconazol EG, Fluconazole Sandoz, Fluconazole Teva, Fluconazole-Ratiopharm, Fungimed, Merck-Fluconazole"
"http://nl.dbpedia.org/resource/Fumagilline"	"Fumagilline"	"P01AX10"	"http://purl.bioontology.org/ontology/UATC/P01AX10"	"Flisint; Fugilin; Fumidil B; Fumadil B; Amebacillin"
"http://nl.dbpedia.org/resource/Lacosamide"	"Lacosamide"	"N03AX18"	"http://purl.bioontology.org/ontology/UATC/N03AX18"	"Vimpat"
"http://nl.dbpedia.org/resource/Methotrexaat"	"Methotrexaat"	"L01BA01"	"http://purl.bioontology.org/ontology/UATC/L01BA01"	"Emthexate , Ledertrexate"
"http://nl.dbpedia.org/resource/Pimecrolimus"	"Pimecrolimus"	"D11"	"http://purl.bioontology.org/ontology/UATC/D11"	"Elidel"
"http://nl.dbpedia.org/resource/Simvastatine"	"Simvastatine"	"10.0AA01"	"http://purl.bioontology.org/ontology/UATC/10.0AA01"	"Cholemed , Docsimvasta , Simvafour , Simvastatine , Zocor"
"http://nl.dbpedia.org/resource/Tocofersolan"	"Tocofersolan"	"A11HA08"	"http://purl.bioontology.org/ontology/UATC/A11HA08"	"Vedrop"
"http://nl.dbpedia.org/resource/Ambroxol"	"Ambroxol"	"R05CB06"	"http://purl.bioontology.org/ontology/UATC/R05CB06"	"Mucoangin; generiek"
"http://nl.dbpedia.org/resource/Colestilan"	"Colestilan"	"V03AE06"	"http://purl.bioontology.org/ontology/UATC/V03AE06"	"BindRen"
"http://nl.dbpedia.org/resource/Donepezil"	"Donepezil"	"N06DA02"	"http://purl.bioontology.org/ontology/UATC/N06DA02"	"Aricept, Navazil"
"http://nl.dbpedia.org/resource/Fidaxomicine"	"Fidaxomicine"	"A07AA12"	"http://purl.bioontology.org/ontology/UATC/A07AA12"	"Dificid, Dificlir"
"http://nl.dbpedia.org/resource/Flavoxaat"	"Flavoxaat"	"G04BD02"	"http://purl.bioontology.org/ontology/UATC/G04BD02"	"Urispas"
"http://nl.dbpedia.org/resource/Nalmefeen"	"Nalmefeen"	"N07BB05"	"http://purl.bioontology.org/ontology/UATC/N07BB05"	"Selincro, Revex"
"http://nl.dbpedia.org/resource/Meprobamaat"	"Meprobamaat"	"N05BC01"	"http://purl.bioontology.org/ontology/UATC/N05BC01"	"Miltown, Equanil, Meprodil"
"http://nl.dbpedia.org/resource/Oxybutynine"	"Oxybutynine"	"G04BD04"	"http://purl.bioontology.org/ontology/UATC/G04BD04"	"Ditropan; Dridase;  Kentera e.a. Ook generiek"
"http://nl.dbpedia.org/resource/Tilidine"	"Tilidine"	"N02AX01"	"http://purl.bioontology.org/ontology/UATC/N02AX01"	"Valtran, Tinalox"
"http://nl.dbpedia.org/resource/Treprostinil"	"Treprostinil"	"B01AC21"	"http://purl.bioontology.org/ontology/UATC/B01AC21"	"Remodulin, Tyvaso"
"http://nl.dbpedia.org/resource/Ustekinumab"	"Ustekinumab"	"L04AC05"	"http://purl.bioontology.org/ontology/UATC/L04AC05"	"Stelara"
"http://nl.dbpedia.org/resource/Acenocoumarol"	"Acenocoumarol"	"B01AA07"	"http://purl.bioontology.org/ontology/UATC/B01AA07"	"Sintrom ; Acenocoumarol"
"http://nl.dbpedia.org/resource/Diazepam"	"Diazepam"	"N05BA01"	"http://purl.bioontology.org/ontology/UATC/N05BA01"	"Diazepam , Valium"
"http://nl.dbpedia.org/resource/Gemfibrozil"	"Gemfibrozil"	"10.0AB04"	"http://purl.bioontology.org/ontology/UATC/10.0AB04"	"Lopid , Gemfibrozil"
"http://nl.dbpedia.org/resource/Nimesulide"	"Nimesulide"	"M01AX17"	"http://purl.bioontology.org/ontology/UATC/M01AX17"	"Mesulid; Aulin; Nimedex; Sulidin e.v.a."
"http://nl.dbpedia.org/resource/Rituximab"	"Rituximab"	"L01XC02"	"http://purl.bioontology.org/ontology/UATC/L01XC02"	"Mabthera"
"http://nl.dbpedia.org/resource/Biperideen"	"Biperideen"	"N04AA02"	"http://purl.bioontology.org/ontology/UATC/N04AA02"	"Akineton"
"http://nl.dbpedia.org/resource/Broomperidol"	"Broomperidol"	"N05AD06CID 2448"	"http://purl.bioontology.org/ontology/UATC/N05AD06CID 2448"	"Impromen"
"http://nl.dbpedia.org/resource/Citalopram"	"Citalopram"	"N06AB04"	"http://purl.bioontology.org/ontology/UATC/N06AB04"	"Cipramil , Citalopram"
"http://nl.dbpedia.org/resource/Midazolam"	"Midazolam"	"N05CD08"	"http://purl.bioontology.org/ontology/UATC/N05CD08"	"Dormicum, Versed, Hypnovel"
"http://nl.dbpedia.org/resource/Morfine"	"Morfine"	"N02AA01"	"http://purl.bioontology.org/ontology/UATC/N02AA01"	"MS Contin, MSIR, Avinza, Kadian, Oramorph, Roxanol"
"http://nl.dbpedia.org/resource/Oxymetazoline"	"Oxymetazoline"	"R01AA05"	"http://purl.bioontology.org/ontology/UATC/R01AA05"	"Nesivine , Rhino humex , Vicks sinex"
"http://nl.dbpedia.org/resource/Dexrazoxan"	"Dexrazoxan"	"V03AF02"	"http://purl.bioontology.org/ontology/UATC/V03AF02"	"Savene"
"http://nl.dbpedia.org/resource/Natriumfenylbutyraat"	"Natriumfenylbutyraat"	"A16AX03"	"http://purl.bioontology.org/ontology/UATC/A16AX03"	"Ammonaps, Pheburane"
"http://nl.dbpedia.org/resource/Prolintaan"	"Prolintaan"	"N06BX14"	"http://purl.bioontology.org/ontology/UATC/N06BX14"	"Catovit, Katovit, Promotil"
"http://nl.dbpedia.org/resource/Ulipristalacetaat"	"Ulipristalacetaat"	"G03AD02"	"http://purl.bioontology.org/ontology/UATC/G03AD02"	"Ellaone; Ella"
"http://nl.dbpedia.org/resource/Amfetamine"	"Amfetamine"	"N06BA01"	"http://purl.bioontology.org/ontology/UATC/N06BA01"	"Benzedrine"
"http://nl.dbpedia.org/resource/Mupirocine"	"Mupirocine"	"D06AX09"	"http://purl.bioontology.org/ontology/UATC/D06AX09"	"Bactroban"
"http://nl.dbpedia.org/resource/Nortriptyline"	"Nortriptyline"	"N06AA10"	"http://purl.bioontology.org/ontology/UATC/N06AA10"	"Nortrilen"
"http://nl.dbpedia.org/resource/Rifampicine"	"Rifampicine"	"J04AB02"	"http://purl.bioontology.org/ontology/UATC/J04AB02"	"Rifadin , in combinatie met Isoniazide: Rifinah ) of Rimactazid , in combinatie met isoniazide en pyrazinamide: Rimcure , in combinatie met isoniazide, pyrazinamide en ethambutol: Rimstar ."
"http://nl.dbpedia.org/resource/Risperidon"	"Risperidon"	"N05AX08"	"http://purl.bioontology.org/ontology/UATC/N05AX08"	"Risperdal"
"http://nl.dbpedia.org/resource/Temsirolimus"	"Temsirolimus"	"L01XE09"	"http://purl.bioontology.org/ontology/UATC/L01XE09"	"Torisel"
"http://nl.dbpedia.org/resource/Acetylcysteïne"	"Acetylcysteïne"	"R05CB01"	"http://purl.bioontology.org/ontology/UATC/R05CB01"	"Lysomucil, Lysox"
"http://nl.dbpedia.org/resource/Broomhexine"	"Broomhexine"	"R05CB02"	"http://purl.bioontology.org/ontology/UATC/R05CB02"	"Bisolvon; generiek"
"http://nl.dbpedia.org/resource/Dasatinib"	"Dasatinib"	"L01XE06"	"http://purl.bioontology.org/ontology/UATC/L01XE06"	"Sprycel"
"http://nl.dbpedia.org/resource/Felbamaat"	"Felbamaat"	"N03AX10"	"http://purl.bioontology.org/ontology/UATC/N03AX10"	"Taloxa"
"http://nl.dbpedia.org/resource/Linagliptine"	"Linagliptine"	"A10BH05"	"http://purl.bioontology.org/ontology/UATC/A10BH05"	"Tradjenta, Trajenta"
"http://nl.dbpedia.org/resource/Oxprenolol"	"Oxprenolol"	"7.0AA02"	"http://purl.bioontology.org/ontology/UATC/7.0AA02"	"Trasacor, Trasicor, Coretal, Laracor, Slow-Pren, Captol, Corbeton, Slow-Trasicor, Tevacor, Trasitensin, Trasidex"
"http://nl.dbpedia.org/resource/Rizatriptan"	"Rizatriptan"	"N02CC04"	"http://purl.bioontology.org/ontology/UATC/N02CC04"	"Maxalt"
"http://nl.dbpedia.org/resource/Silodosine"	"Silodosine"	"G04CA04"	"http://purl.bioontology.org/ontology/UATC/G04CA04"	"Urief; Rapaflo; Silodyx; Urorec"
"http://nl.dbpedia.org/resource/Thebacon"	"Thebacon"	"R05DA10"	"http://purl.bioontology.org/ontology/UATC/R05DA10"	"Acedicone"
"http://nl.dbpedia.org/resource/Tolterodine"	"Tolterodine"	"G04BD07"	"http://purl.bioontology.org/ontology/UATC/G04BD07"	"Detrusitol  =tolterodinetartraat"
"http://nl.dbpedia.org/resource/Voriconazol"	"Voriconazol"	"J02AC03"	"http://purl.bioontology.org/ontology/UATC/J02AC03"	"Vfend"
"http://nl.dbpedia.org/resource/Esomeprazol"	"Esomeprazol"	"A02BC05"	"http://purl.bioontology.org/ontology/UATC/A02BC05"	"Nexium  Sompraz, Zoleri, Nexium, Lucen, Esopral; Axagon in Italië, Nexiam in België"
"http://nl.dbpedia.org/resource/Naproxen"	"Naproxen"	"G02CC02"	"http://purl.bioontology.org/ontology/UATC/G02CC02"	"Apranax , Naproflam , Naprosyne , Naproxen"
"http://nl.dbpedia.org/resource/Oxazepam"	"Oxazepam"	"N05BA04"	"http://purl.bioontology.org/ontology/UATC/N05BA04"	"Oxazepam , Seresta , Tranquo"
"http://nl.dbpedia.org/resource/Bètahistine"	"Bètahistine"	"N07CA01"	"http://purl.bioontology.org/ontology/UATC/N07CA01"	"Betaserc; Aequamen; generiek"
"http://nl.dbpedia.org/resource/Fenylbutazon"	"Fenylbutazon"	"M01AA01"	"http://purl.bioontology.org/ontology/UATC/M01AA01"	"Butazolidin ; generiek"
"http://nl.dbpedia.org/resource/Imiquimod"	"Imiquimod"	"D06BB10"	"http://purl.bioontology.org/ontology/UATC/D06BB10"	"Aldara, Imiquimod"
"http://nl.dbpedia.org/resource/Insuline_aspart"	"Insuline aspart"	"A10AB05"	"http://purl.bioontology.org/ontology/UATC/A10AB05"	"NovoRapid/NovoLog"
"http://nl.dbpedia.org/resource/Sotalol"	"Sotalol"	"7.0AA07"	"http://purl.bioontology.org/ontology/UATC/7.0AA07"	"Sotacor , Sotalex , Sotalol"
"http://nl.dbpedia.org/resource/Etofenamaat"	"Etofenamaat"	"M02AA06"	"http://purl.bioontology.org/ontology/UATC/M02AA06"	"Flexium , Rheumon , Traumalix"
"http://nl.dbpedia.org/resource/Indapamide"	"Indapamide"	"3.0BA11"	"http://purl.bioontology.org/ontology/UATC/3.0BA11"	"o.a. Fludex; Natrilix; Lozol ; Indapamide"
"http://nl.dbpedia.org/resource/Losartan"	"Losartan"	"9.0CA01"	"http://purl.bioontology.org/ontology/UATC/9.0CA01"	"Cozaar"
"http://nl.dbpedia.org/resource/Mesalazine"	"Mesalazine"	"A07EC02"	"http://purl.bioontology.org/ontology/UATC/A07EC02"	"Asacol, Pentasa, Salofalk, Mezavant"
"http://nl.dbpedia.org/resource/Pramipexol"	"Pramipexol"	"N04BC05"	"http://purl.bioontology.org/ontology/UATC/N04BC05"	"Mirapexin of Sifrol ; Mirapex"
"http://nl.dbpedia.org/resource/Sildenafil"	"Sildenafil"	"G04BE03"	"http://purl.bioontology.org/ontology/UATC/G04BE03"	"Viagra , Revatio"
"http://nl.dbpedia.org/resource/Aflibercept"	"Aflibercept"	"S01LA05"	"http://purl.bioontology.org/ontology/UATC/S01LA05"	"Zaltrap"
"http://nl.dbpedia.org/resource/Metirosine"	"Metirosine"	"2.0KB01"	"http://purl.bioontology.org/ontology/UATC/2.0KB01"	"Demser"
"http://nl.dbpedia.org/resource/Raltegravir"	"Raltegravir"	"J05AX08"	"http://purl.bioontology.org/ontology/UATC/J05AX08"	"Isentress"
"http://nl.dbpedia.org/resource/Amoxicilline"	"Amoxicilline"	"J01CA04"	"http://purl.bioontology.org/ontology/UATC/J01CA04"	"Amoxicilline, Amoxypen, Bactimed, Clamoxyl, Docamoxici, Flemoxin, Hiconcil, Merck-amoxicilline, Moxitop, Novabritine. Combinatie met clavulaanzuur: Amoclane, Amoxiclav, Augmentin, Clavucid, Co-amoxi-Ratiopharm, Docamoclaf, Merck-amoxiclav"
"http://nl.dbpedia.org/resource/Bicalutamide"	"Bicalutamide"	"L02BB03"	"http://purl.bioontology.org/ontology/UATC/L02BB03"	"Casodex"
"http://nl.dbpedia.org/resource/Clenbuterol"	"Clenbuterol"	"R03AC14"	"http://purl.bioontology.org/ontology/UATC/R03AC14"	"Ventipulmin"
"http://nl.dbpedia.org/resource/Flunitrazepam"	"Flunitrazepam"	"N05CD03"	"http://purl.bioontology.org/ontology/UATC/N05CD03"	"Rohypnol"
"http://nl.dbpedia.org/resource/Lorazepam"	"Lorazepam"	"N05BA06"	"http://purl.bioontology.org/ontology/UATC/N05BA06"	"Temesta"
"http://nl.dbpedia.org/resource/Propranolol"	"Propranolol"	"7.0AA05"	"http://purl.bioontology.org/ontology/UATC/7.0AA05"	"Inderal , Propranolol EG , Propranolol Teva"
"http://nl.dbpedia.org/resource/Brotizolam"	"Brotizolam"	"N05BA21"	"http://purl.bioontology.org/ontology/UATC/N05BA21"	"Lendormin"
"http://nl.dbpedia.org/resource/Degarelix"	"Degarelix"	"L02BX02"	"http://purl.bioontology.org/ontology/UATC/L02BX02"	"Firmagon"
"http://nl.dbpedia.org/resource/Hydromorfon"	"Hydromorfon"	"N02AA03"	"http://purl.bioontology.org/ontology/UATC/N02AA03"	"Dilaudid"
"http://nl.dbpedia.org/resource/Cimetidine"	"Cimetidine"	"A02BA01"	"http://purl.bioontology.org/ontology/UATC/A02BA01"	"Cimetidine , Doccimeti , Nuardin , Tagamet"
"http://nl.dbpedia.org/resource/Dipyridamol"	"Dipyridamol"	"B01AC07"	"http://purl.bioontology.org/ontology/UATC/B01AC07"	"Aggrenox, Coronair, Dipyridamole EG, Dipyridamole Teva, Docdipyri, Persantin"
"http://nl.dbpedia.org/resource/Doxorubicine"	"Doxorubicine"	"L01DB01"	"http://purl.bioontology.org/ontology/UATC/L01DB01"	"Adriblastina , Caelyx , Doxorubin"
"http://nl.dbpedia.org/resource/Moclobemide"	"Moclobemide"	"N06AG02"	"http://purl.bioontology.org/ontology/UATC/N06AG02"	"Aurorix , Merck-moclobemide , Moclobemide Bexal"
"http://nl.dbpedia.org/resource/Tacrolimus"	"Tacrolimus"	"L04AA05"	"http://purl.bioontology.org/ontology/UATC/L04AA05"	"Protopic , Prograf/Prograft , Advagraf/Prograf XL/Graceptor , Modigraf"
"http://nl.dbpedia.org/resource/Telmisartan"	"Telmisartan"	"9.0CA07"	"http://purl.bioontology.org/ontology/UATC/9.0CA07"	"Micardis; Pritor; Kinzalmono"
"http://nl.dbpedia.org/resource/Hexetidine"	"Hexetidine"	"A01AB12"	"http://purl.bioontology.org/ontology/UATC/A01AB12"	"o.m. Hextril"
"http://nl.dbpedia.org/resource/Mesna"	"Mesna"	"V03AF01"	"http://purl.bioontology.org/ontology/UATC/V03AF01"	"Mesnex; Mistabron"
"http://nl.dbpedia.org/resource/Molsidomine"	"Molsidomine"	"1.0DX12"	"http://purl.bioontology.org/ontology/UATC/1.0DX12"	"Coruno, Corvaton"
"http://nl.dbpedia.org/resource/Fusidinezuur"	"Fusidinezuur"	"J01XC01"	"http://purl.bioontology.org/ontology/UATC/J01XC01"	
"http://nl.dbpedia.org/resource/Antithymocytenglobuline"	"Antithymocytenglobuline"	"L04AA03"	"http://purl.bioontology.org/ontology/UATC/L04AA03"	
"http://nl.dbpedia.org/resource/Chloorprotixeen"	"Chloorprotixeen"	"N05AF03"	"http://purl.bioontology.org/ontology/UATC/N05AF03"	
"http://nl.dbpedia.org/resource/Cloperastine"	"Cloperastine"	"R05DB21"	"http://purl.bioontology.org/ontology/UATC/R05DB21"	
"http://nl.dbpedia.org/resource/Cysteamine"	"Cysteamine"	"A16AA04"	"http://purl.bioontology.org/ontology/UATC/A16AA04"	
"http://nl.dbpedia.org/resource/Hydrochloorthiazide"	"Hydrochloorthiazide"	"3.0AA03"	"http://purl.bioontology.org/ontology/UATC/3.0AA03"	
"http://nl.dbpedia.org/resource/Irbesartan"	"Irbesartan"	"9.0CA04"	"http://purl.bioontology.org/ontology/UATC/9.0CA04"	
"http://nl.dbpedia.org/resource/Sulbactam"	"Sulbactam"	"J01CG01"	"http://purl.bioontology.org/ontology/UATC/J01CG01"	
"http://nl.dbpedia.org/resource/Zopiclon"	"Zopiclon"	"N05CF01"	"http://purl.bioontology.org/ontology/UATC/N05CF01"	
"http://nl.dbpedia.org/resource/Metamizol"	"Metamizol"	"N02BB02"	"http://purl.bioontology.org/ontology/UATC/N02BB02"	
"http://nl.dbpedia.org/resource/Ouabaïne"	"Ouabaïne"	"1.0AC01"	"http://purl.bioontology.org/ontology/UATC/1.0AC01"	
"http://nl.dbpedia.org/resource/Eflornithine"	"Eflornithine"	"D11AX16"	"http://purl.bioontology.org/ontology/UATC/D11AX16"	
"http://nl.dbpedia.org/resource/Ethambutol"	"Ethambutol"	"J04AK02"	"http://purl.bioontology.org/ontology/UATC/J04AK02"	
"http://nl.dbpedia.org/resource/Etoricoxib"	"Etoricoxib"	"M01AH05"	"http://purl.bioontology.org/ontology/UATC/M01AH05"	
"http://nl.dbpedia.org/resource/Procaïne"	"Procaïne"	"5.0AD05"	"http://purl.bioontology.org/ontology/UATC/5.0AD05"	
"http://nl.dbpedia.org/resource/Pyrazinamide"	"Pyrazinamide"	"J04AK01"	"http://purl.bioontology.org/ontology/UATC/J04AK01"	
"http://nl.dbpedia.org/resource/Tamoxifen"	"Tamoxifen"	"L02BA01"	"http://purl.bioontology.org/ontology/UATC/L02BA01"	
"http://nl.dbpedia.org/resource/Dutasteride"	"Dutasteride"	"G04CB02"	"http://purl.bioontology.org/ontology/UATC/G04CB02"	
"http://nl.dbpedia.org/resource/Folinezuur"	"Folinezuur"	"V03AF03"	"http://purl.bioontology.org/ontology/UATC/V03AF03"	
"http://nl.dbpedia.org/resource/Meticilline"	"Meticilline"	"J01CF03"	"http://purl.bioontology.org/ontology/UATC/J01CF03"	
"http://nl.dbpedia.org/resource/Polyethyleenglycol"	"Polyethyleenglycol"	"A06AD15"	"http://purl.bioontology.org/ontology/UATC/A06AD15"	
"http://nl.dbpedia.org/resource/3,4-diaminopyridine"	"3,4-diaminopyridine"	"N07XX05"	"http://purl.bioontology.org/ontology/UATC/N07XX05"	
"http://nl.dbpedia.org/resource/Bosentan"	"Bosentan"	"2.0KX01"	"http://purl.bioontology.org/ontology/UATC/2.0KX01"	
"http://nl.dbpedia.org/resource/Carbenoxolon"	"Carbenoxolon"	"A02BX01"	"http://purl.bioontology.org/ontology/UATC/A02BX01"	
"http://nl.dbpedia.org/resource/Dapson"	"Dapson"	"J04BA02"	"http://purl.bioontology.org/ontology/UATC/J04BA02"	
"http://nl.dbpedia.org/resource/Levodopa"	"Levodopa"	"N04BA01"	"http://purl.bioontology.org/ontology/UATC/N04BA01"	
"http://nl.dbpedia.org/resource/Vildagliptine"	"Vildagliptine"	"A10BH02"	"http://purl.bioontology.org/ontology/UATC/A10BH02"	
"http://nl.dbpedia.org/resource/Isotretinoïne"	"Isotretinoïne"	"D10AD04"	"http://purl.bioontology.org/ontology/UATC/D10AD04"	
"http://nl.dbpedia.org/resource/Amitriptyline"	"Amitriptyline"	"N06AA09"	"http://purl.bioontology.org/ontology/UATC/N06AA09"	
"http://nl.dbpedia.org/resource/Artemisinine"	"Artemisinine"	"P01BE01"	"http://purl.bioontology.org/ontology/UATC/P01BE01"	
"http://nl.dbpedia.org/resource/Clindamycine"	"Clindamycine"	"J01FF01"	"http://purl.bioontology.org/ontology/UATC/J01FF01"	
"http://nl.dbpedia.org/resource/Isofluraan"	"Isofluraan"	"N01AB06"	"http://purl.bioontology.org/ontology/UATC/N01AB06"	
"http://nl.dbpedia.org/resource/Sevofluraan"	"Sevofluraan"	"N01AB08"	"http://purl.bioontology.org/ontology/UATC/N01AB08"	
"http://nl.dbpedia.org/resource/Adalimumab"	"Adalimumab"	"L04AB04"	"http://purl.bioontology.org/ontology/UATC/L04AB04"	
"http://nl.dbpedia.org/resource/Cilastatine"	"Cilastatine"	"J01DH51"	"http://purl.bioontology.org/ontology/UATC/J01DH51"	
"http://nl.dbpedia.org/resource/Amlodipine"	"Amlodipine"	"8.0CA01"	"http://purl.bioontology.org/ontology/UATC/8.0CA01"	
"http://nl.dbpedia.org/resource/Naltrexon"	"Naltrexon"	"N07BB04"	"http://purl.bioontology.org/ontology/UATC/N07BB04"	
"http://nl.dbpedia.org/resource/Oxacilline"	"Oxacilline"	"J01CF04"	"http://purl.bioontology.org/ontology/UATC/J01CF04"	
"http://nl.dbpedia.org/resource/Claritromycine"	"Claritromycine"	"J01FA09"	"http://purl.bioontology.org/ontology/UATC/J01FA09"	
"http://nl.dbpedia.org/resource/Flurazepam"	"Flurazepam"	"N05CD01"	"http://purl.bioontology.org/ontology/UATC/N05CD01"	
"http://nl.dbpedia.org/resource/Povidonjodium"	"Povidonjodium"	"S01AX18"	"http://purl.bioontology.org/ontology/UATC/S01AX18"	
"http://nl.dbpedia.org/resource/Risedroninezuur"	"Risedroninezuur"	"M05BA07"	"http://purl.bioontology.org/ontology/UATC/M05BA07"	
"http://nl.dbpedia.org/resource/Buprenorfine"	"Buprenorfine"	"N02AE01"	"http://purl.bioontology.org/ontology/UATC/N02AE01"	
"http://nl.dbpedia.org/resource/Amantadine"	"Amantadine"	"N04BB01"	"http://purl.bioontology.org/ontology/UATC/N04BB01"	
"http://nl.dbpedia.org/resource/Betamethason"	"Betamethason"	"A07EA04"	"http://purl.bioontology.org/ontology/UATC/A07EA04"	
"http://nl.dbpedia.org/resource/Enfluraan"	"Enfluraan"	"N01AB04"	"http://purl.bioontology.org/ontology/UATC/N01AB04"	
"http://nl.dbpedia.org/resource/Gentamicine"	"Gentamicine"	"D06AX07"	"http://purl.bioontology.org/ontology/UATC/D06AX07"	
"http://nl.dbpedia.org/resource/Topiramaat"	"Topiramaat"	"N03AX11"	"http://purl.bioontology.org/ontology/UATC/N03AX11"	
"http://nl.dbpedia.org/resource/Bisacodyl"	"Bisacodyl"	"A06AB02"	"http://purl.bioontology.org/ontology/UATC/A06AB02"	
"http://nl.dbpedia.org/resource/Pimozide"	"Pimozide"	"N05AG02"	"http://purl.bioontology.org/ontology/UATC/N05AG02"	
"http://nl.dbpedia.org/resource/Ticagrelor"	"Ticagrelor"	"B01AC24"	"http://purl.bioontology.org/ontology/UATC/B01AC24"	
"http://nl.dbpedia.org/resource/Codeïne"	"Codeïne"	"N02AA59"	"http://purl.bioontology.org/ontology/UATC/N02AA59"	
"http://nl.dbpedia.org/resource/Methamfetamine"	"Methamfetamine"	"N06BA03"	"http://purl.bioontology.org/ontology/UATC/N06BA03"	
"http://nl.dbpedia.org/resource/Tropisetron"	"Tropisetron"	"A04AA03"	"http://purl.bioontology.org/ontology/UATC/A04AA03"	
"http://nl.dbpedia.org/resource/Baclofen"	"Baclofen"	"M03BX01"	"http://purl.bioontology.org/ontology/UATC/M03BX01"	
"http://nl.dbpedia.org/resource/Bevacizumab"	"Bevacizumab"	"L01XC07"	"http://purl.bioontology.org/ontology/UATC/L01XC07"	
"http://nl.dbpedia.org/resource/Carglumaatzuur"	"Carglumaatzuur"	"A16AA05"	"http://purl.bioontology.org/ontology/UATC/A16AA05"	
"http://nl.dbpedia.org/resource/Metronidazol"	"Metronidazol"	"A01AB17"	"http://purl.bioontology.org/ontology/UATC/A01AB17"	
"http://nl.dbpedia.org/resource/Bisoprolol"	"Bisoprolol"	"7.0AB07"	"http://purl.bioontology.org/ontology/UATC/7.0AB07"	
"http://nl.dbpedia.org/resource/Atovaquone"	"Atovaquone"	"P01AX06"	"http://purl.bioontology.org/ontology/UATC/P01AX06"	
"http://nl.dbpedia.org/resource/Tazobactam"	"Tazobactam"	"J01CG02"	"http://purl.bioontology.org/ontology/UATC/J01CG02"	
"http://nl.dbpedia.org/resource/Xipamide"	"Xipamide"	"3.0BA10"	"http://purl.bioontology.org/ontology/UATC/3.0BA10"	
"http://nl.dbpedia.org/resource/Pancreatine"	"Pancreatine"	"A09AA02"	"http://purl.bioontology.org/ontology/UATC/A09AA02"	
"http://nl.dbpedia.org/resource/Chloorpromazine"	"Chloorpromazine"	"N05AA01"	"http://purl.bioontology.org/ontology/UATC/N05AA01"	
"http://nl.dbpedia.org/resource/Chloorthiazide"	"Chloorthiazide"	"3.0AA04"	"http://purl.bioontology.org/ontology/UATC/3.0AA04"	
"http://nl.dbpedia.org/resource/Clobetasol"	"Clobetasol"	"D07AD01"	"http://purl.bioontology.org/ontology/UATC/D07AD01"	
"http://nl.dbpedia.org/resource/Fexofenadine"	"Fexofenadine"	"R06A626"	"http://purl.bioontology.org/ontology/UATC/R06A626"	
"http://nl.dbpedia.org/resource/Lapatinib"	"Lapatinib"	"L01XE07"	"http://purl.bioontology.org/ontology/UATC/L01XE07"	
"http://nl.dbpedia.org/resource/Feneticilline"	"Feneticilline"	"J01CE05"	"http://purl.bioontology.org/ontology/UATC/J01CE05"	
"http://nl.dbpedia.org/resource/Ketoprofen"	"Ketoprofen"	"M01AE03"	"http://purl.bioontology.org/ontology/UATC/M01AE03"	
"http://nl.dbpedia.org/resource/Melarsoprol"	"Melarsoprol"	"P01CD01"	"http://purl.bioontology.org/ontology/UATC/P01CD01"	
"http://nl.dbpedia.org/resource/Para-aminosalicylzuur"	"Para-aminosalicylzuur"	"J04AA01"	"http://purl.bioontology.org/ontology/UATC/J04AA01"	
"http://nl.dbpedia.org/resource/Pentobarbital"	"Pentobarbital"	"N05CA01"	"http://purl.bioontology.org/ontology/UATC/N05CA01"	
"http://nl.dbpedia.org/resource/Pipamperon"	"Pipamperon"	"N05AD05"	"http://purl.bioontology.org/ontology/UATC/N05AD05"	
"http://nl.dbpedia.org/resource/Praziquantel"	"Praziquantel"	"P02BA01"	"http://purl.bioontology.org/ontology/UATC/P02BA01"	
"http://nl.dbpedia.org/resource/Alendroninezuur"	"Alendroninezuur"	"M05BA04"	"http://purl.bioontology.org/ontology/UATC/M05BA04"	
"http://nl.dbpedia.org/resource/Fosinopril"	"Fosinopril"	"9.0AA09"	"http://purl.bioontology.org/ontology/UATC/9.0AA09"	
"http://nl.dbpedia.org/resource/Parecoxib"	"Parecoxib"	"M01AH04"	"http://purl.bioontology.org/ontology/UATC/M01AH04"	
"http://nl.dbpedia.org/resource/Albendazol"	"Albendazol"	"P02CA03"	"http://purl.bioontology.org/ontology/UATC/P02CA03"	
"http://nl.dbpedia.org/resource/Cyproteronacetaat"	"Cyproteronacetaat"	"G03HA01"	"http://purl.bioontology.org/ontology/UATC/G03HA01"	
"http://nl.dbpedia.org/resource/Fenacetine"	"Fenacetine"	"N02BE03"	"http://purl.bioontology.org/ontology/UATC/N02BE03"	
"http://nl.dbpedia.org/resource/Infliximab"	"Infliximab"	"L04AB02"	"http://purl.bioontology.org/ontology/UATC/L04AB02"	
"http://nl.dbpedia.org/resource/Misoprostol"	"Misoprostol"	"A02BB01"	"http://purl.bioontology.org/ontology/UATC/A02BB01"	
"http://nl.dbpedia.org/resource/Thalidomide"	"Thalidomide"	"L04AX02"	"http://purl.bioontology.org/ontology/UATC/L04AX02"	
"http://nl.dbpedia.org/resource/Naloxon"	"Naloxon"	"V03AB15"	"http://purl.bioontology.org/ontology/UATC/V03AB15"	
"http://nl.dbpedia.org/resource/Natalizumab"	"Natalizumab"	"L04AA23"	"http://purl.bioontology.org/ontology/UATC/L04AA23"	
"http://nl.dbpedia.org/resource/Sparteïne"	"Sparteïne"	"1.0BA04"	"http://purl.bioontology.org/ontology/UATC/1.0BA04"	
"http://nl.dbpedia.org/resource/Spironolacton"	"Spironolacton"	"3.0DA01"	"http://purl.bioontology.org/ontology/UATC/3.0DA01"	
"http://nl.dbpedia.org/resource/Articaïne"	"Articaïne"	"N01BB58"	"http://purl.bioontology.org/ontology/UATC/N01BB58"	
"http://nl.dbpedia.org/resource/Cocaïne"	"Cocaïne"	"N01BC01"	"http://purl.bioontology.org/ontology/UATC/N01BC01"	
"http://nl.dbpedia.org/resource/Levonorgestrel"	"Levonorgestrel"	"G03AC03"	"http://purl.bioontology.org/ontology/UATC/G03AC03"	
"http://nl.dbpedia.org/resource/Nitrofurantoïne"	"Nitrofurantoïne"	"J01XE01"	"http://purl.bioontology.org/ontology/UATC/J01XE01"	
"http://nl.dbpedia.org/resource/Chloordiazepoxide"	"Chloordiazepoxide"	"N05BA02"	"http://purl.bioontology.org/ontology/UATC/N05BA02"	
"http://nl.dbpedia.org/resource/Mebeverine"	"Mebeverine"	"A03AA04"	"http://purl.bioontology.org/ontology/UATC/A03AA04"	
"http://nl.dbpedia.org/resource/Mitotane"	"Mitotane"	"L01XX23"	"http://purl.bioontology.org/ontology/UATC/L01XX23"	
"http://nl.dbpedia.org/resource/Strontiumranelaat"	"Strontiumranelaat"	"M05BX03"	"http://purl.bioontology.org/ontology/UATC/M05BX03"	
"http://nl.dbpedia.org/resource/Thyroxine"	"Thyroxine"	"H03AA01"	"http://purl.bioontology.org/ontology/UATC/H03AA01"	
"http://nl.dbpedia.org/resource/Butorfanol"	"Butorfanol"	"N02AX02"	"http://purl.bioontology.org/ontology/UATC/N02AX02"	
"http://nl.dbpedia.org/resource/Nizatidine"	"Nizatidine"	"A02BA04"	"http://purl.bioontology.org/ontology/UATC/A02BA04"	
"http://nl.dbpedia.org/resource/Cetirizine"	"Cetirizine"	"R06AE07"	"http://purl.bioontology.org/ontology/UATC/R06AE07"	
"http://nl.dbpedia.org/resource/Ciprofloxacine"	"Ciprofloxacine"	"J01MA02"	"http://purl.bioontology.org/ontology/UATC/J01MA02"	
"http://nl.dbpedia.org/resource/Cyclopentolaat"	"Cyclopentolaat"	"S01FA04"	"http://purl.bioontology.org/ontology/UATC/S01FA04"	
"http://nl.dbpedia.org/resource/Lormetazepam"	"Lormetazepam"	"N05CD06"	"http://purl.bioontology.org/ontology/UATC/N05CD06"	
"http://nl.dbpedia.org/resource/Ofloxacine"	"Ofloxacine"	"J01MA01"	"http://purl.bioontology.org/ontology/UATC/J01MA01"	
"http://nl.dbpedia.org/resource/Hydralazine"	"Hydralazine"	"2.0DB02"	"http://purl.bioontology.org/ontology/UATC/2.0DB02"	
"http://nl.dbpedia.org/resource/Ivermectine"	"Ivermectine"	"P02CF01"	"http://purl.bioontology.org/ontology/UATC/P02CF01"	
"http://nl.dbpedia.org/resource/Oxycodon"	"Oxycodon"	"N02AA05"	"http://purl.bioontology.org/ontology/UATC/N02AA05"	
"http://nl.dbpedia.org/resource/Azelastine"	"Azelastine"	"S01GX07"	"http://purl.bioontology.org/ontology/UATC/S01GX07"	
"http://nl.dbpedia.org/resource/Azelaïnezuur"	"Azelaïnezuur"	"D10AX03"	"http://purl.bioontology.org/ontology/UATC/D10AX03"	
"http://nl.dbpedia.org/resource/Triamcinolon"	"Triamcinolon"	"A01AC01"	"http://purl.bioontology.org/ontology/UATC/A01AC01"	
"http://nl.dbpedia.org/resource/Zolpidem"	"Zolpidem"	"N05CF02"	"http://purl.bioontology.org/ontology/UATC/N05CF02"	
"http://nl.dbpedia.org/resource/Verapamil"	"Verapamil"	"8.0DA01"	"http://purl.bioontology.org/ontology/UATC/8.0DA01"	
"http://nl.dbpedia.org/resource/Fenobarbital"	"Fenobarbital"	"N05CA24"	"http://purl.bioontology.org/ontology/UATC/N05CA24"	
"http://nl.dbpedia.org/resource/Flucloxacilline"	"Flucloxacilline"	"J01CF05"	"http://purl.bioontology.org/ontology/UATC/J01CF05"	
"http://nl.dbpedia.org/resource/Furosemide"	"Furosemide"	"3.0CA01"	"http://purl.bioontology.org/ontology/UATC/3.0CA01"	
"http://nl.dbpedia.org/resource/Iproniazide"	"Iproniazide"	"N06AF05"	"http://purl.bioontology.org/ontology/UATC/N06AF05"	
"http://nl.dbpedia.org/resource/Proguanil"	"Proguanil"	"P01BB01"	"http://purl.bioontology.org/ontology/UATC/P01BB01"	
"http://nl.dbpedia.org/resource/Venlafaxine"	"Venlafaxine"	"N06AX16"	"http://purl.bioontology.org/ontology/UATC/N06AX16"	
"http://nl.dbpedia.org/resource/Desfluraan"	"Desfluraan"	"N01AB07"	"http://purl.bioontology.org/ontology/UATC/N01AB07"	
"http://nl.dbpedia.org/resource/Pseudo-efedrine"	"Pseudo-efedrine"	"R01BA02"	"http://purl.bioontology.org/ontology/UATC/R01BA02"	
"http://nl.dbpedia.org/resource/Tripelennamine"	"Tripelennamine"	"D04AA04"	"http://purl.bioontology.org/ontology/UATC/D04AA04"	
"http://nl.dbpedia.org/resource/Ketoconazol"	"Ketoconazol"	"J02AB02"	"http://purl.bioontology.org/ontology/UATC/J02AB02"	
"http://nl.dbpedia.org/resource/Sertraline"	"Sertraline"	"N06AB06"	"http://purl.bioontology.org/ontology/UATC/N06AB06"	
"http://nl.dbpedia.org/resource/Trifluridine"	"Trifluridine"	"S01AD02"	"http://purl.bioontology.org/ontology/UATC/S01AD02"	
"http://nl.dbpedia.org/resource/Dextromethorfan"	"Dextromethorfan"	"R05DA09"	"http://purl.bioontology.org/ontology/UATC/R05DA09"	
"http://nl.dbpedia.org/resource/Etretinaat"	"Etretinaat"	"D05BB01"	"http://purl.bioontology.org/ontology/UATC/D05BB01"	
"http://nl.dbpedia.org/resource/Leflunomide"	"Leflunomide"	"L04AA13"	"http://purl.bioontology.org/ontology/UATC/L04AA13"	
"http://nl.dbpedia.org/resource/Nandrolon"	"Nandrolon"	"A14AB01"	"http://purl.bioontology.org/ontology/UATC/A14AB01"	
"http://nl.dbpedia.org/resource/Piroxicam"	"Piroxicam"	"M01AC01"	"http://purl.bioontology.org/ontology/UATC/M01AC01"	
"http://nl.dbpedia.org/resource/Broomfenac"	"Broomfenac"	"S01BC11"	"http://purl.bioontology.org/ontology/UATC/S01BC11"	
"http://nl.dbpedia.org/resource/Halothaan"	"Halothaan"	"N01AB01"	"http://purl.bioontology.org/ontology/UATC/N01AB01"	
"http://nl.dbpedia.org/resource/Streptomycine"	"Streptomycine"	"A07AA04"	"http://purl.bioontology.org/ontology/UATC/A07AA04"	
"http://nl.dbpedia.org/resource/Tolnaftaat"	"Tolnaftaat"	"D01AE18"	"http://purl.bioontology.org/ontology/UATC/D01AE18"	
"http://nl.dbpedia.org/resource/Co-trimoxazol"	"Co-trimoxazol"	"J01EE01"	"http://purl.bioontology.org/ontology/UATC/J01EE01"	
"http://nl.dbpedia.org/resource/Danazol"	"Danazol"	"G03XA01"	"http://purl.bioontology.org/ontology/UATC/G03XA01"	
"http://nl.dbpedia.org/resource/Dexamethason"	"Dexamethason"	"A01AC02"	"http://purl.bioontology.org/ontology/UATC/A01AC02"	
"http://nl.dbpedia.org/resource/Levofloxacine"	"Levofloxacine"	"J01MA12"	"http://purl.bioontology.org/ontology/UATC/J01MA12"	
"http://nl.dbpedia.org/resource/Paclitaxel"	"Paclitaxel"	"L01CD01"	"http://purl.bioontology.org/ontology/UATC/L01CD01"	
"http://nl.dbpedia.org/resource/Prednisolon"	"Prednisolon"	"A07EA01"	"http://purl.bioontology.org/ontology/UATC/A07EA01"	
"http://nl.dbpedia.org/resource/Temazepam"	"Temazepam"	"N05CD07"	"http://purl.bioontology.org/ontology/UATC/N05CD07"	
"http://nl.dbpedia.org/resource/Yohimbine"	"Yohimbine"	"G04BE04"	"http://purl.bioontology.org/ontology/UATC/G04BE04"	
"http://nl.dbpedia.org/resource/Clonazepam"	"Clonazepam"	"N03AE01"	"http://purl.bioontology.org/ontology/UATC/N03AE01"	
"http://nl.dbpedia.org/resource/Homatropine_methylbromide"	"Homatropine methylbromide"	"A02BX03"	"http://purl.bioontology.org/ontology/UATC/A02BX03"	
"http://nl.dbpedia.org/resource/Dimercaprol"	"Dimercaprol"	"V03ABO9"	"http://purl.bioontology.org/ontology/UATC/V03ABO9"	
"http://nl.dbpedia.org/resource/Famotidine"	"Famotidine"	"A02BA03"	"http://purl.bioontology.org/ontology/UATC/A02BA03"	
"http://nl.dbpedia.org/resource/Fenprocoumon"	"Fenprocoumon"	"B01AA04"	"http://purl.bioontology.org/ontology/UATC/B01AA04"	
"http://nl.dbpedia.org/resource/Thiamfenicol"	"Thiamfenicol"	"J01BA02"	"http://purl.bioontology.org/ontology/UATC/J01BA02"	
"http://nl.dbpedia.org/resource/Benzocaïne"	"Benzocaïne"	"5.0AD03"	"http://purl.bioontology.org/ontology/UATC/5.0AD03"	
"http://nl.dbpedia.org/resource/Benzylpenicilline"	"Benzylpenicilline"	"J01CE01"	"http://purl.bioontology.org/ontology/UATC/J01CE01"	
"http://nl.dbpedia.org/resource/Carbimazol"	"Carbimazol"	"H03BB01"	"http://purl.bioontology.org/ontology/UATC/H03BB01"	
"http://nl.dbpedia.org/resource/Cinnarizine"	"Cinnarizine"	"N07CA02"	"http://purl.bioontology.org/ontology/UATC/N07CA02"	
"http://nl.dbpedia.org/resource/Desloratadine"	"Desloratadine"	"R06AX27"	"http://purl.bioontology.org/ontology/UATC/R06AX27"	
"http://nl.dbpedia.org/resource/Disulfiram"	"Disulfiram"	"N07BB01"	"http://purl.bioontology.org/ontology/UATC/N07BB01"	
"http://nl.dbpedia.org/resource/Minoxidil"	"Minoxidil"	"2.0DC01"	"http://purl.bioontology.org/ontology/UATC/2.0DC01"	
"http://nl.dbpedia.org/resource/Reserpine"	"Reserpine"	"2.0AA02"	"http://purl.bioontology.org/ontology/UATC/2.0AA02"	
"http://nl.dbpedia.org/resource/Prazepam"	"Prazepam"	"N05BA11"	"http://purl.bioontology.org/ontology/UATC/N05BA11"	
"http://nl.dbpedia.org/resource/Propylthiouracil"	"Propylthiouracil"	"H03BA02"	"http://purl.bioontology.org/ontology/UATC/H03BA02"	
"http://nl.dbpedia.org/resource/Auranofine"	"Auranofine"	"M01CB03"	"http://purl.bioontology.org/ontology/UATC/M01CB03"	
"http://nl.dbpedia.org/resource/Podofyllotoxine"	"Podofyllotoxine"	"D06BB04"	"http://purl.bioontology.org/ontology/UATC/D06BB04"	
"http://nl.dbpedia.org/resource/Tobramycine"	"Tobramycine"	"J01GB01"	"http://purl.bioontology.org/ontology/UATC/J01GB01"	
"http://nl.dbpedia.org/resource/Varenicline"	"Varenicline"	"N07BA03"	"http://purl.bioontology.org/ontology/UATC/N07BA03"	
"http://nl.dbpedia.org/resource/Diltiazem"	"Diltiazem"	"8.0DB01"	"http://purl.bioontology.org/ontology/UATC/8.0DB01"	
"http://nl.dbpedia.org/resource/Hydrocodon"	"Hydrocodon"	"R05DA03"	"http://purl.bioontology.org/ontology/UATC/R05DA03"	
"http://nl.dbpedia.org/resource/Oxandrolon"	"Oxandrolon"	"A14AA08"	"http://purl.bioontology.org/ontology/UATC/A14AA08"	
"http://nl.dbpedia.org/resource/Selegiline"	"Selegiline"	"N04BD01"	"http://purl.bioontology.org/ontology/UATC/N04BD01"	
"http://nl.dbpedia.org/resource/Succinylcholine"	"Succinylcholine"	"M03AB01"	"http://purl.bioontology.org/ontology/UATC/M03AB01"	
"http://nl.dbpedia.org/resource/Carbachol"	"Carbachol"	"N07AB01"	"http://purl.bioontology.org/ontology/UATC/N07AB01"	
"http://nl.dbpedia.org/resource/Flumazenil"	"Flumazenil"	"V03AB25"	"http://purl.bioontology.org/ontology/UATC/V03AB25"	
"http://nl.dbpedia.org/resource/Tranilast"	"Tranilast"	""	"http://purl.bioontology.org/ontology/UATC/"	"Rizaben"
"http://nl.dbpedia.org/resource/Carfentanil"	"Carfentanil"	"geen"	"http://purl.bioontology.org/ontology/UATC/geen"	"Wildnil"
"http://nl.dbpedia.org/resource/Fluvoxamine"	"Fluvoxamine"	"N06AB08"	"http://purl.bioontology.org/ontology/UATC/N06AB08"	"Fevarin, Faverin, Floxyfral, Luvox"
"http://nl.dbpedia.org/resource/Atracurium"	"Atracurium"	"M03AC04"	"http://purl.bioontology.org/ontology/UATC/M03AC04"	"Tracrium"
"http://nl.dbpedia.org/resource/Bleomycine"	"Bleomycine"	"L01DC01"	"http://purl.bioontology.org/ontology/UATC/L01DC01"	
